Sender Name|Sender AppID|Recipient Name|Recipient AppID|Text|Timestamp|Direction|Attachments
Unmatched Telegram User|1224624669|1224624669| telegram tips|Mini-Game Emoji. There are several emoji which you can send in chat to test your luck: 🎰, 🎲, 🎯, ⚽️ and 🏀.  Go for the jackpot, goal or bullseye – but try not to roll snake eyes 😉|2021-01-12 08:32:11+00:00|Incoming|
Unmatched Telegram User|1224624669|1224624669| telegram tips|Animated emoji. Sending a single emoji in a message will display a stylish animated version. We keep expanding the animated emoji army, adding new ones with every update.|2021-01-12 08:32:25+00:00|Incoming|
Unmatched Telegram User|1224624669|1224624669| telegram tips|Sticker Suggestions. Type any emoji and Telegram will suggest stickers relevant for your situation – from 😍 to 😱  Subscribe to @TrendingStickers to get the latest packs first.|2021-01-12 08:33:06+00:00|Incoming|
Unmatched Telegram User|1224624669|1224624669| telegram tips|Emoji Suggestions. Android users can type any word in the message field to get relevant emoji suggestions.  On all platforms, you can also type : followed by a keyword to search for emoji like :heart   If we’re missing a keyword for an emoji in your language, feel free to suggest it here.|2021-01-12 08:33:31+00:00|Incoming|
Unmatched Telegram User|1224624669|1224624669| telegram tips|Unsend anything. On Telegram you can “unsend” messages you have sent or received for both sides, and there is no time limit.   You can also delete any private chat entirely from both your and the other person's device with just two taps.|2021-01-12 08:34:19+00:00|Incoming|
Unmatched Telegram User|1224624669|1224624669| telegram tips|Edit or Delete Messages to fix typos or remove anything you send by accident. Edited messages show an edited label, and deleted messages leave no trace and no placeholder in the chat.|2021-01-12 08:34:51+00:00|Incoming|
Unmatched Telegram User|1224624669|1224624669| telegram tips|Cloud Themes sync across your devices and have unique, shareable links. Everyone can make them in our Theme Editor.  If you want to take a trip down memory lane, our designers put together this tribute to an app that used to be independent: https://t.me/addtheme/RetroGreen|2021-01-12 09:05:18+00:00|Incoming|
Unmatched Telegram User|1224624669|1224624669| telegram tips|Change Colors. You can choose from dozens of color schemes in Chat Settings (Appearance Settings on iOS).  For more artistic freedom, try the full Theme Editor – or find links to themes created by others.|2021-01-12 09:51:31+00:00|Incoming|
Unmatched Telegram User|1224624669|1224624669| telegram tips|Over the last 7 years, Telegram has protected the private data of people all over the world and redefined what a messaging app can do. Here are some of its features:  • Editing messages  • Moving chat history from other apps • Sending documents and videos up to 2GB • Deleting messages without a trace • Native desktop and tablet apps • Multiple accounts and Chat folders • Usernames instead of phone numbers • Granular privacy settings • Group chats of up to 200,000 members • Admin tools and stats for group owners • Voice Chats for up to 5,000 participants • 20,000+ high-quality Animated stickers • Custom Color Themes like Retro • Video messages  • One-to-many channels • Video editing tools • API and Bot platform for developers • Programmed emoji 🎯🎳⚽️🏀🎲🎰 • Disappearing photos or videos • Self-Destructing end-to-end encrypted Chats • Partial selection for messages • Scheduled and silent messages • Pinned messages and polls • Persistent chat history • Saved Messages and Drafts  • Encrypted Voice and Video Calls  Scroll around in this channel for more features.|2021-01-12 12:53:57+00:00|Incoming|
Unmatched Telegram User|1224624669|1224624669| telegram tips|Delivery status. One check = message delivered. Two checks = message read.  You can use Telegram on any number of devices at once, including computers and tablets. Simply log in using the same phone number to access all your messages – without keeping your phone connected.|2021-01-14 14:32:58+00:00|Incoming|
Unmatched Telegram User|1224624669|1224624669| telegram tips|Video messages. Tap once on the Voice Message button to switch to video.  Tap on a video message to play it with sound.|2021-01-14 15:18:41+00:00|Incoming|
Unmatched Telegram User|1224624669|1224624669| telegram tips|Telegram apps are standalone and synced with the cloud – all your messages and media are available everywhere you go.  Unfinished messages save as Cloud Drafts, so you can finish typing and send from any device. Try desktop.telegram.org or macos.telegram.org on your computer for the best experience.|2021-01-15 18:31:19+00:00|Incoming|
Unmatched Telegram User|1224624669|1224624669| telegram tips|You can use the ‘Saved Messages’ chat to bookmark important messages, set reminders, store media, or send documents of up to 2GB each between your devices.  Whenever you forward a message, ‘Saved Messages’ will be at the top of the list.  To quickly access the chat on Android, swipe right for the Side Menu > Saved Messages. On iOS tap Settings > Saved Messages.|2021-01-20 17:39:58+00:00|Incoming|
Unmatched Telegram User|1224624669|1224624669| telegram tips|Free space. Telegram requires next to no storage space to run on your device.  Go to Settings > Data and Storage > Storage Usage to selectively clear your cache – or set Keep Media to regularly remove unused items. Media and files stay available to re-download whenever needed.  On Android, you can also store your Telegram data on your SD Card.|2021-01-21 16:16:54+00:00|Incoming|
Unmatched Telegram User|1224624669|1224624669| telegram tips|Move Chats From Other Apps  You can bring your chat history with all media and files to Telegram from other apps like WhatsApp, Line and KakaoTalk. Using the native export tool in those apps, share the exported file with Telegram, and then choose the Telegram chat where you want those messages to be added.  To move a chat from WhatsApp on iOS, open the Contact Info or Group Info page in WhatsApp, tap Export Chat, then choose Telegram in the Share menu.  From WhatsApp on Android, tap ⋮ > More > Export Chat, then choose Telegram in the Share menu.|2021-01-29 10:55:14+00:00|Incoming|
Unmatched Telegram User|1224624669|1224624669| telegram tips|Delete Without a Trace  Messages, chats, call history and groups you created can be completely deleted at any time. Simply make your selection and check the box to delete for all participants – deleted items leave no trace, giving you full control over your digital footprint.|2021-02-02 12:10:22+00:00|Incoming|
Rupert Beae|100063691416962|Michael Jonson||Absolutely. Rocking and rolling in the sleepy Stockholm suburbs looking for a job man. What you got for me? 😉|2021-02-13 14:09:01+00:00|Outgoing|
Unmatched Telegram User|1224624669|1224624669| telegram tips|Your phone number is hidden. By default, it is only visible to your contacts. In groups and chats, you will always appear as your chosen name.  If you create a username, people can find your profile and get in contact with you – without needing to know your phone number.|2021-02-15 10:25:35+00:00|Incoming|
Telegram|777000|Maverick SOB||Telegram surpassed 500 million active users.    In January 2021, more than 100 million new users from around the world joined Telegram.  Thank you! These milestones were made possible by users like you who invite their friends to Telegram.   If you have contacts that joined in the last few days, you can welcome them using one of Telegram’s unique features, such as an animated sticker or a video message.  To find out more about Telegram features, have a look at https://t.me/TelegramTips/233|2021-02-15 17:52:59+00:00|Incoming|
Maverick SOB|1605396189|Big Boss|1656380740|Looks very promising|2021-02-15 18:04:41+00:00|Outgoing|
Big Boss|1656380740|Maverick SOB||Yes dude. Let us know how you get on exploring the area,?|2021-02-15 18:53:20+00:00|Incoming|
Maverick SOB|1605396189|Big Boss|1656380740|OK I am going out for a wander to scout some places of value|2021-02-16 17:21:21+00:00|Outgoing|
Maverick SOB|1605396189|Big Boss|1656380740|At the train station 🚉 right now. Going to pick up some packages 📦|2021-02-16 17:53:16+00:00|Outgoing|
Big Boss|1656380740|Maverick SOB||White Gold maybe $50|2021-02-16 20:07:24+00:00|Incoming|
Maverick SOB|1605396189|Big Boss|1656380740|Deal. Cash only dude.|2021-02-17 07:28:08+00:00|Outgoing|
Big Boss|1656380740|Maverick SOB||Ok keep looking 👌 we need some product to shift soon|2021-02-18 17:47:33+00:00|Incoming|
Maverick SOB|1605396189|Big Boss|1656380740|Back home. Got some stash mush|2021-02-18 19:24:40+00:00|Outgoing|
Maverick SOB|1605396189|Big Boss|1656380740|Nope not last night. Got tired and went back to base. This is too much for me to do alone. We need some more players....|2021-02-20 10:35:55+00:00|Outgoing|
Goose System|46736673785@s.whatsapp.net|Maverick|46708275344@s.whatsapp.net|Hey man. Just made contact with an old friend who wants to join the crew. You good for an intro?|2021-02-20 13:28:05+00:00|Incoming|
Maverick SOB|1605396189|Big Boss|1656380740|Got some buddies joining me|2021-02-20 15:53:38+00:00|Outgoing|
Goose|46736673785|Maverick SOB||content://com.viber.voip.provider.internal_files/gif/0-01-05-b1430cfd8e64af2815debf3d3e40d7b82351d89c3ffce6900008e114a6cc5a5c?pg=false&th=content%3A%2F%2Fcom.viber.voip.provider.internal_files%2Fmessage%2Flocal%2Fthumb%2F0-01-05-b1430cfd8e64af2815debf3d3e40d7b82351d89c3ffce6900008e114a6cc5a5c&ep=AQAAAJnlQRN1NwBRSJ8Ok%2BUGYhO80snNgaMg%2BJZW0Z%2BEWCNQ|2021-02-20 16:46:48+00:00|Incoming|
Maverick SOB|1605396189|Big Boss|1656380740|OK talking to a new group. Maybe go for a little visit to the jewellers in town? 😁|2021-02-21 07:22:49+00:00|Outgoing|
Goldy Finger|100063606951015|Rupert Beae|100063691416962|I fix|2021-02-21 07:27:41+00:00|Incoming|
Goldy Finger|100063606951015|Rupert Beae|100063691416962|I fix|2021-02-21 07:27:41+00:00|Outgoing|
Goose|46736673785|Maverick SOB||content://com.viber.voip.provider.internal_files/gif/0-01-0a-f95d44d9898aaf4369a58a37654326ae1723ca1bd333466b363a093457ffd82b?pg=false&ep=AQAAAHWRKRl%2F10KNg5Y98VEL%2Bf1QJK3kanYY6jEy3g9%2BvOfF|2021-02-21 07:37:49+00:00|Incoming|
Goose System|46 73-667 37 85|Goldy Finger|46702578150|Okey dokey|2021-02-21 11:40:12+00:00|Incoming|
Twilight G|1645578300|Maverick SOB||Yes boss. Here and ready to go. Where we going?|2021-02-21 12:29:25+00:00|Incoming|
Goose|1563131382|Maverick SOB||Ok will do boss|2021-02-21 18:08:20+00:00|Incoming|
Goldfinger|46702578150@s.whatsapp.net|Goose System|46736673785@s.whatsapp.net|Meeting place?|2021-02-23 12:18:13+00:00|Outgoing|"{""Path"": ""Goldfinger_Apple_iPhone_Generic/Attachments/File/0/Messages-Chat/Messages-Chat_253/dd9294fd-c753-4518-bbc7-9688cd556eeb.jpg"", ""id"": 28}"
Maverick|46708275344@s.whatsapp.net|Goose System|46736673785@s.whatsapp.net|Good place to stash some gear?|2021-02-23 17:28:02+00:00|Outgoing|
Twilight G|1645578300|Maverick SOB||Very busy, sorry boss🥺|2021-02-23 18:01:59+00:00|Incoming|
Maverick SOB|1605396189|Goose|1563131382|Looks perfect good spot Goose|2021-02-23 18:11:09+00:00|Outgoing|
Big Boss|1656380740|Maverick SOB||Ok good spot. What you get. Looking for gold?|2021-02-23 18:14:54+00:00|Incoming|
Goose System|46 73-667 37 85|Goldy Finger|46702578150|We bagged some bling from the last place .... 🙂|2021-02-24 13:02:12+00:00|Incoming|"{""Path"": ""Goldfinger_Apple_iPhone_Generic/Attachments/File/0/Messages-Chat/Messages-Chat_170/1614171734839817.jpg"", ""id"": 24}"
Maverick SOB|46708275344|Goose|46736673785|OK time to rock and roll .|2021-02-24 17:09:07+00:00|Outgoing|
Big Boss|1656380740|Maverick SOB||Get me something good this time. That last stuff turned out to be fake shit....|2021-02-24 17:27:54+00:00|Incoming|
Goldfinger|46702578150@s.whatsapp.net|Stockholm Stealers|46736673785-1614171884@g.us|Are u drunk😂|2021-02-24 17:49:21+00:00|Outgoing|
Goldfinger|46702578150@s.whatsapp.net|Twilight Grey||Are u drunk😂|2021-02-24 17:49:22+00:00|Incoming|
Maverick SOB|1605396189|Big Boss|1656380740|Sorry boss. Will try better next time I promise.|2021-02-24 18:48:06+00:00|Outgoing|
Twilight G|1645578300|Maverick SOB||What can I say, I'm the coolest in the gang😈|2021-02-25 10:23:24+00:00|Incoming|
Maverick SOB|1605396189|Twilight G|1645578300|What can I say, I'm the coolest in the gang😈|2021-02-25 10:24:01+00:00|Outgoing|
Maverick SOB|46708275344|Bad Boy|46735158102|Damn...what else u got. I need tools for 2 at least on next job.|2021-02-25 12:35:52+00:00|Incoming|
Maverick SOB|46708275344|Bad Boy|46735158102|Damn...what else u got. I need tools for 2 at least on next job.|2021-02-25 12:35:53+00:00|Outgoing|
Goldfinger|46702578150@s.whatsapp.net|Twilight Grey||Might be something for us|2021-02-25 12:37:56+00:00|Incoming|
Goldfinger|46702578150@s.whatsapp.net|Stockholm Stealers|46736673785-1614171884@g.us|Might be something for us|2021-02-25 12:37:56+00:00|Outgoing|
Maverick|46708275344@s.whatsapp.net|Twilight Grey||Do it. Grab some goodies 😋|2021-02-25 12:38:02+00:00|Outgoing|
46708275344@s.whatsapp.net|46708275344@s.whatsapp.net|Stockholm Stealers|46736673785-1614171884@g.us|Do it. Grab some goodies 😋|2021-02-25 12:38:02+00:00|Incoming|
Maverick|46708275344@s.whatsapp.net|Twilight Grey||Shit this camera is awesome|2021-02-25 17:35:39+00:00|Outgoing|"{""Path"": ""Maverick_Samsung_Galaxy_S21/Attachments/File/0/Messages-Chat/Messages-Chat_1370/0.jpg"", ""id"": 69}"
Maverick SOB|1605396189|Twilight G|1645578300|Bunny run|2021-02-25 19:01:19+00:00|Outgoing|
46708275344@s.whatsapp.net|46708275344@s.whatsapp.net|Stockholm Stealers|46736673785-1614171884@g.us|Shit this camera is awesome|2021-02-25 19:05:23+00:00|Incoming|"{""Path"": ""Goldfinger_Apple_iPhone_Generic/Attachments/File/0/Messages-Chat/Messages-Chat_338/24c7ccf5-b7dc-49b5-b1e9-7a65b28e76ec.jpg"", ""id"": 113}"
Goldfinger|46702578150@s.whatsapp.net|Stockholm Stealers|46736673785-1614171884@g.us|Shit... so good|2021-02-25 19:08:30+00:00|Outgoing|
Goldfinger|46702578150@s.whatsapp.net|Twilight Grey||Shit... so good|2021-02-25 19:08:30+00:00|Incoming|
Maverick SOB|46708275344|Goose|46736673785|U git. Do some work u lazy shit|2021-02-25 19:22:41+00:00|Outgoing|
Goose|46736673785|Maverick SOB||Haha. Shut up and bring the bling u old lady|2021-02-25 19:30:17+00:00|Incoming|
Goldfinger|46702578150@s.whatsapp.net|Twilight Grey|46762725331@s.whatsapp.net|Cute|2021-02-25 19:33:24+00:00|Outgoing|
46708275344@s.whatsapp.net|46708275344@s.whatsapp.net|Stockholm Stealers|46736673785-1614171884@g.us|https://www.bloomberg.com/news/articles/2021-02-24/swedish-pm-sees-high-risk-of-new-wave-of-covid-infections|2021-02-25 20:00:22+00:00|Incoming|
Maverick|46708275344@s.whatsapp.net|Twilight Grey||https://www.bloomberg.com/news/articles/2021-02-24/swedish-pm-sees-high-risk-of-new-wave-of-covid-infections|2021-02-25 20:00:22+00:00|Outgoing|
Goldfinger|46702578150@s.whatsapp.net|Twilight Grey||Donald D is the shit|2021-02-26 07:45:21+00:00|Incoming|
Goldfinger|46702578150@s.whatsapp.net|Stockholm Stealers|46736673785-1614171884@g.us|Donald D is the shit|2021-02-26 07:45:21+00:00|Outgoing|
Goldy Finger|100063606951015|Rupert Beae|100063691416962|Nice go grab|2021-02-26 12:47:20+00:00|Outgoing|
Goldy Finger|100063606951015|Rupert Beae|100063691416962|Nice go grab|2021-02-26 12:47:20+00:00|Incoming|
Rupert Beae|100063691416962|Goldy Finger|100063606951015|I grabbed and got. Come get it😁|2021-02-26 13:05:36+00:00|Outgoing|
Rupert Beae|100063691416962|Goldy Finger|100063606951015|I grabbed and got. Come get it😁|2021-02-26 13:05:36+00:00|Incoming|
Maverick SOB|1605396189|Twilight G|1645578300|Shadow man is watching u 👀|2021-02-26 18:20:20+00:00|Outgoing|
Telegram|777000|Maverick SOB||Auto-Delete, Widgets, Expiring Invite Links and More   Auto-Delete Messages • Set messages to auto-delete for everyone 24 hours or 7 days after sending. • Control auto-delete settings in any of your chats, as well as in groups and channels where you are an admin. • To enable auto-delete, tap ⋮ > Clear History > choose a duration > Enable Auto-Delete.  Expiring Invite Links for Groups and Channels • Create invite links that work for a limited time or a limited number of uses. • See which users joined using your, or your admins’, invite links. • Turn any invite link into a QR code users can scan with their phone cameras. • To manage invite links, open your Group or Channel Profile > tap the Pencil Button > Invite Links.  Home Screen Widgets • Access your chats quickly right from your home screen.  • To add a widget, press and hold the wallpaper on your home screen, then tap Widgets and find Telegram.  Groups with Unlimited Members • Convert groups that have reached the 200,000 member limit into unlimited Broadcast Groups.  Improved Chat Import • Keep messages sorted by their original sending date when moving chat history from other apps. Works if the target chat on Telegram is new or has fewer than 1000 messages.  More about this update: https://telegram.org/blog/autodelete-inv2|2021-02-26 18:20:20+00:00|Incoming|
Goose System|46736673785@s.whatsapp.net|Goldfinger|46702578150@s.whatsapp.net|A supermarket called Willy's. Bound to be appropriate 🙂|2021-02-27 08:35:16+00:00|Incoming|
Maverick SOB|1605396189|Big Boss|1656380740|Seriously boss. This lifestyle is doing my blood pressure no bloody good. You gotta let me retire soon....|2021-02-27 08:48:28+00:00|Outgoing|
Goose System|46736673785@s.whatsapp.net|Twilight Grey||What's my cut of the profits then?|2021-02-27 08:49:27+00:00|Incoming|
Goose System|46736673785@s.whatsapp.net|Stockholm Stealers|46736673785-1614171884@g.us|What's my cut of the profits then?|2021-02-27 08:49:27+00:00|Incoming|
Twilight Grey|46762725331@s.whatsapp.net|Goose System||Ooh good shit👌|2021-02-27 16:16:05+00:00|Incoming|
Twilight Grey|46762725331@s.whatsapp.net|Stockholm Stealers|46736673785-1614171884@g.us|Ooh good shit👌|2021-02-27 16:16:05+00:00|Incoming|
Goose System|46736673785@s.whatsapp.net|Twilight Grey||How much we get for this. Need a hand lifting it into the van....|2021-02-28 10:25:36+00:00|Incoming|"{""Path"": ""Maverick_Samsung_Galaxy_S21/Attachments/File/0/Messages-Chat/Messages-Chat_1429/0.jpg"", ""id"": 128}"
Goose System|46736673785@s.whatsapp.net|Stockholm Stealers|46736673785-1614171884@g.us|How much we get for this. Need a hand lifting it into the van....|2021-02-28 10:25:36+00:00|Incoming|"{""Path"": ""Goldfinger_Apple_iPhone_Generic/Attachments/File/0/Messages-Chat/Messages-Chat_390/7924ab54-4350-4a8a-8389-b5ca45b4325f.jpg"", ""id"": 165}"
Goldfinger|46702578150@s.whatsapp.net|Twilight Grey||https://www.guldbrev.se/salja-guld/salja-guldsmycken/?dv_adwords_campaign=9736389597&dv_adwords_network=g&dv_adwords_target=kwd-355739533321&gclid=EAIaIQobChMI9fKCq-KM7wIV2UiRBR0ajwgSEAAYASABEgIYJfD_BwE&gclsrc=aw.ds|2021-02-28 14:18:26+00:00|Incoming|
Goldfinger|46702578150@s.whatsapp.net|Stockholm Stealers|46736673785-1614171884@g.us|https://www.guldbrev.se/salja-guld/salja-guldsmycken/?dv_adwords_campaign=9736389597&dv_adwords_network=g&dv_adwords_target=kwd-355739533321&gclid=EAIaIQobChMI9fKCq-KM7wIV2UiRBR0ajwgSEAAYASABEgIYJfD_BwE&gclsrc=aw.ds|2021-02-28 14:18:26+00:00|Outgoing|
Goldfinger|46702578150@s.whatsapp.net|Stockholm Stealers|46736673785-1614171884@g.us|Swedish place to sell...but they need a registered address 😒|2021-02-28 14:19:10+00:00|Outgoing|
Goldfinger|46702578150@s.whatsapp.net|Twilight Grey||Swedish place to sell...but they need a registered address 😒|2021-02-28 14:19:11+00:00|Incoming|
Maverick|46708275344@s.whatsapp.net|Twilight Grey|46762725331@s.whatsapp.net|Ah nice a piece of fame! Just need an aeroplane to write it in the sky now!|2021-03-03 07:40:34+00:00|Outgoing|
Jose Topgun|100064031851829|Rupert Beae|100063691416962|Yes boss. Going out now|2021-03-03 16:43:02+00:00|Incoming|
Goose System|46736673785@s.whatsapp.net|Stockholm Stealers|46736673785-1614171884@g.us|Heading out looking for places with potential. Need a big score tonight. Wish me luck 🤞|2021-03-03 16:45:53+00:00|Incoming|"{""Path"": ""Goldfinger_Apple_iPhone_Generic/Attachments/File/0/Messages-Chat/Messages-Chat_426/c7d031ed-3010-40c2-a7c2-82f994800358.jpg"", ""id"": 201}"
Goose System|46736673785@s.whatsapp.net|Twilight Grey||Heading out looking for places with potential. Need a big score tonight. Wish me luck 🤞|2021-03-03 16:45:53+00:00|Incoming|"{""Path"": ""Maverick_Samsung_Galaxy_S21/Attachments/File/0/Messages-Chat/Messages-Chat_1469/0.jpg"", ""id"": 168}"
Maverick|46708275344@s.whatsapp.net|Twilight Grey||Shadow man lurking in the dark, looking for easy money 💰|2021-03-03 17:12:11+00:00|Outgoing|"{""Path"": ""Maverick_Samsung_Galaxy_S21/Attachments/File/0/Messages-Chat/Messages-Chat_1467/0.jpg"", ""id"": 166}"
Goose System|46736673785@s.whatsapp.net|Stockholm Stealers|46736673785-1614171884@g.us|This place has a grand piano. Checked it out looks prime for some easy money|2021-03-03 17:23:28+00:00|Incoming|"{""Path"": ""Goldfinger_Apple_iPhone_Generic/Attachments/File/0/Messages-Chat/Messages-Chat_431/32498dd2-4929-484b-b87c-074166aebf92.jpg"", ""id"": 206}"
Goose System|46736673785@s.whatsapp.net|Twilight Grey||This place has a grand piano. Checked it out looks prime for some easy money|2021-03-03 17:23:28+00:00|Incoming|"{""Path"": ""Maverick_Samsung_Galaxy_S21/Attachments/File/0/Messages-Chat/Messages-Chat_1474/0.jpg"", ""id"": 173}"
Goose System|46 73-667 37 85|Goldy Finger|46702578150|Its all a load of rubbish|2021-03-03 17:35:10+00:00|Incoming|
46708275344@s.whatsapp.net|46708275344@s.whatsapp.net|Stockholm Stealers|46736673785-1614171884@g.us|Shadow man lurking in the dark, looking for easy money 💰|2021-03-03 17:44:27+00:00|Incoming|"{""Path"": ""Goldfinger_Apple_iPhone_Generic/Attachments/File/0/Messages-Chat/Messages-Chat_433/70014c96-71f1-4ef9-b9bf-7a52db6eea3b.jpg"", ""id"": 208}"
46708275344@s.whatsapp.net|46708275344@s.whatsapp.net|Stockholm Stealers|46736673785-1614171884@g.us|Sweet let's hit that one then!|2021-03-03 18:49:15+00:00|Incoming|
Maverick|46708275344@s.whatsapp.net|Twilight Grey||Sweet let's hit that one then!|2021-03-03 18:49:16+00:00|Outgoing|
Maverick SOB|46708275344|Goose|46736673785|Got this one on last job. How much?|2021-03-03 18:53:03+00:00|Outgoing|
Goose System|46 73-667 37 85|Goldy Finger|46702578150|ur full of shit man|2021-03-03 18:54:08+00:00|Incoming|
Maverick SOB|46708275344|Goose|46736673785|No way dude. 750 sek at least....or no deal.|2021-03-03 19:17:19+00:00|Outgoing|
Goldfinger|46702578150@s.whatsapp.net|Stockholm Stealers|46736673785-1614171884@g.us|Go shadow Hunter go 😎|2021-03-03 19:21:09+00:00|Outgoing|
Goldfinger|46702578150@s.whatsapp.net|Twilight Grey||Go shadow Hunter go 😎|2021-03-03 19:21:09+00:00|Incoming|
Goldy Finger|46702578150|Goose System|46 73-667 37 85|Or a place to dump our stuff|2021-03-03 19:22:05+00:00|Outgoing|
Goose System|46736673785@s.whatsapp.net|Twilight Grey||Shadow|2021-03-03 19:22:39+00:00|Incoming|"{""Path"": ""Maverick_Samsung_Galaxy_S21/Attachments/File/0/Messages-Chat/Messages-Chat_1480/0.jpg"", ""id"": 179}"
Goose System|46736673785@s.whatsapp.net|Stockholm Stealers|46736673785-1614171884@g.us|Shadow|2021-03-03 19:22:39+00:00|Incoming|"{""Path"": ""Goldfinger_Apple_iPhone_Generic/Attachments/File/0/Messages-Chat/Messages-Chat_437/96c91514-7a8a-4094-8af2-8df9a8eb0143.mp4"", ""id"": 212}"
Goose System|46 73-667 37 85|Goldy Finger|46702578150|Nobody would look there for our stash....|2021-03-03 19:23:57+00:00|Incoming|
Twilight Grey|46762725331@s.whatsapp.net|Stockholm Stealers|46736673785-1614171884@g.us|Oh he's a shadowhunter now👌|2021-03-03 19:37:02+00:00|Incoming|
Twilight Grey|46762725331@s.whatsapp.net|Goose System||Oh he's a shadowhunter now👌|2021-03-03 19:37:02+00:00|Incoming|
Goldfinger|46702578150@s.whatsapp.net|Stockholm Stealers|46736673785-1614171884@g.us|System player|2021-03-04 11:50:30+00:00|Outgoing|"{""Path"": ""Goldfinger_Apple_iPhone_Generic/Attachments/File/0/Messages-Chat/Messages-Chat_445/571a415f-0f32-4b8e-a412-0e24db2ceeba.jpg"", ""id"": 220}"
Goldfinger|46702578150@s.whatsapp.net|Twilight Grey||System player|2021-03-04 11:50:31+00:00|Incoming|"{""Path"": ""Maverick_Samsung_Galaxy_S21/Attachments/File/0/Messages-Chat/Messages-Chat_1489/0.jpg"", ""id"": 188}"
Goose System|46736673785@s.whatsapp.net|Stockholm Stealers|46736673785-1614171884@g.us|Tonight's getaway vehicle bro|2021-03-04 16:15:02+00:00|Incoming|"{""Path"": ""Goldfinger_Apple_iPhone_Generic/Attachments/File/0/Messages-Chat/Messages-Chat_451/10c8da02-749c-4c78-ad62-47001331111b.jpg"", ""id"": 226}"
Goose System|46736673785@s.whatsapp.net|Twilight Grey||Tonight's getaway vehicle bro|2021-03-04 16:15:02+00:00|Incoming|"{""Path"": ""Maverick_Samsung_Galaxy_S21/Attachments/File/0/Messages-Chat/Messages-Chat_1496/0.jpg"", ""id"": 195}"
Jose Topgun|100064031851829|Goldy Finger|100063606951015|Grab the loot and let's get rich|2021-03-04 16:15:29+00:00|Incoming|
Maverick|46708275344@s.whatsapp.net|Twilight Grey||This place looks loaded 💰|2021-03-04 16:34:38+00:00|Outgoing|"{""Path"": ""Maverick_Samsung_Galaxy_S21/Attachments/File/0/Messages-Chat/Messages-Chat_1494/0.jpg"", ""id"": 193}"
Goose System|46736673785@s.whatsapp.net|Twilight Grey||The package has arrived. We will be able to brush off any issues now and get a clean getaway.  It's all word of mouth 👄 and oral b communication|2021-03-04 16:47:53+00:00|Incoming|"{""Path"": ""Maverick_Samsung_Galaxy_S21/Attachments/File/0/Messages-Chat/Messages-Chat_1497/0.jpg"", ""id"": 196}"
Goose System|46736673785@s.whatsapp.net|Stockholm Stealers|46736673785-1614171884@g.us|The package has arrived. We will be able to brush off any issues now and get a clean getaway.  It's all word of mouth 👄 and oral b communication|2021-03-04 16:47:53+00:00|Incoming|"{""Path"": ""Goldfinger_Apple_iPhone_Generic/Attachments/File/0/Messages-Chat/Messages-Chat_452/ce462701-4279-4379-ac3b-a2c24612c16a.jpg"", ""id"": 227}"
Maverick SOB|1605396189|Big Boss|1656380740|Got a good one for later. Bug score here for sure...|2021-03-04 16:52:35+00:00|Outgoing|
Goose System|46736673785@s.whatsapp.net|Goldfinger|46702578150@s.whatsapp.net|Who is Seven? He is on our turf a lot. Needs a slap....|2021-03-04 17:05:51+00:00|Incoming|"{""Path"": ""Goldfinger_Apple_iPhone_Generic/Attachments/File/0/Messages-Chat/Messages-Chat_259/f5eb0971-015d-4713-86e3-df947a1b8178.jpg"", ""id"": 34}"
Maverick SOB|1605396189|Big Boss|1656380740|Got a good one for later. Bug score here for sure...|2021-03-04 17:27:50+00:00|Outgoing|
46708275344@s.whatsapp.net|46708275344@s.whatsapp.net|Stockholm Stealers|46736673785-1614171884@g.us|This place looks loaded 💰|2021-03-04 17:27:51+00:00|Incoming|"{""Path"": ""Goldfinger_Apple_iPhone_Generic/Attachments/File/0/Messages-Chat/Messages-Chat_453/45932688-67b3-435f-b90b-03211faa64d7.jpg"", ""id"": 228}"
Maverick|46708275344@s.whatsapp.net|Twilight Grey||We scored big tonight crew|2021-03-04 17:32:41+00:00|Outgoing|"{""Path"": ""Maverick_Samsung_Galaxy_S21/Attachments/File/0/Messages-Chat/Messages-Chat_1498/0.jpg"", ""id"": 197}"
46708275344@s.whatsapp.net|46708275344@s.whatsapp.net|Stockholm Stealers|46736673785-1614171884@g.us|We scored big tonight crew|2021-03-04 17:32:42+00:00|Incoming|"{""Path"": ""Goldfinger_Apple_iPhone_Generic/Attachments/File/0/Messages-Chat/Messages-Chat_454/7fc9a352-9836-43e7-8274-c2042efba988.jpg"", ""id"": 229}"
Big Boss|1656380740|Maverick SOB||Ok get me some good. Watches work well right now..|2021-03-04 18:07:41+00:00|Incoming|
Goldy Finger|100063606951015|Jose Topgun|100064031851829|Right place to 🐝|2021-03-05 19:22:05+00:00|Outgoing|
Goldfinger|46702578150@s.whatsapp.net|Stockholm Stealers|46736673785-1614171884@g.us|Can hear you load and clear - over|2021-03-05 19:22:48+00:00|Outgoing|
Goldfinger|46702578150@s.whatsapp.net|Twilight Grey||Can hear you load and clear - over|2021-03-05 19:22:49+00:00|Incoming|
Goose System|46736673785@s.whatsapp.net|Goldfinger|46702578150@s.whatsapp.net|You are slightly cute|2021-03-06 08:45:00+00:00|Incoming|
Goose System|46736673785@s.whatsapp.net|Goldfinger|46702578150@s.whatsapp.net|This place is great. Sri Lankan food.|2021-03-06 13:10:16+00:00|Incoming|"{""Path"": ""Goldfinger_Apple_iPhone_Generic/Attachments/File/0/Messages-Chat/Messages-Chat_266/6ae035ae-7f96-42da-85d3-d781a1d83e6f.jpg"", ""id"": 41}"
Goldy Finger|100063606951015|Jose Topgun|100064031851829|Great places|2021-03-06 16:25:29+00:00|Outgoing|
Goose|46736673785|Maverick SOB||Yes man. Where the hell were you? Messing around with one of those ladies again I bet?|2021-03-06 16:42:05+00:00|Incoming|
Goldy Finger|100063606951015|Jose Topgun|100064031851829|Ok I know this place well|2021-03-06 16:52:59+00:00|Outgoing|
Maverick|46708275344@s.whatsapp.net|Twilight Grey||Big score tonight team!!!!|2021-03-06 16:54:00+00:00|Outgoing|
46708275344@s.whatsapp.net|46708275344@s.whatsapp.net|Stockholm Stealers|46736673785-1614171884@g.us|Big score tonight team!!!!|2021-03-06 16:54:05+00:00|Incoming|
Maverick|46708275344@s.whatsapp.net|Twilight Grey||Check it out. That house was loaded. Easy access via the garage 👌|2021-03-06 16:54:20+00:00|Outgoing|
46708275344@s.whatsapp.net|46708275344@s.whatsapp.net|Stockholm Stealers|46736673785-1614171884@g.us|Check it out. That house was loaded. Easy access via the garage 👌|2021-03-06 16:54:25+00:00|Incoming|
Twilight Grey|46762725331@s.whatsapp.net|Goose System||Great job you guys|2021-03-06 21:12:50+00:00|Incoming|
Twilight Grey|46762725331@s.whatsapp.net|Stockholm Stealers|46736673785-1614171884@g.us|Great job you guys|2021-03-06 21:12:50+00:00|Incoming|
Maverick SOB|1605396189|Twilight G|1645578300|Ouch missy! Cruel but probably true. Missing you already...|2021-03-07 06:59:29+00:00|Outgoing|
Rupert Beae|100063691416962|Goldy Finger|100063606951015|U likey da bling baby?|2021-03-07 07:00:08+00:00|Outgoing|"{""Path"": ""Maverick_Samsung_Galaxy_S21/Attachments/File/0/Messages-Chat/Messages-Chat_117/1.jpg"", ""id"": 116}, {""Path"": ""Maverick_Samsung_Galaxy_S21/Attachments/File/0/Messages-Chat/Messages-Chat_117/0.jpg"", ""id"": 117}"
Rupert Beae|100063691416962|Goldy Finger|100063606951015|U likey da bling baby?|2021-03-07 07:00:08+00:00|Incoming|"{""Path"": ""Goldfinger_Apple_iPhone_Generic/Attachments/File/0/Messages-Chat/Messages-Chat_99/1.jpg"", ""id"": 98}, {""Path"": ""Goldfinger_Apple_iPhone_Generic/Attachments/File/0/Messages-Chat/Messages-Chat_99/0.jpg"", ""id"": 99}"
Rupert Beae|100063691416962|Jose Topgun|100064031851829|Yep going back there soon. Know a guy who will take it off our hands after the job is done. Make some extra cash on top of the big loot.|2021-03-07 07:03:31+00:00|Outgoing|
Maverick SOB|1605396189|Goose|1563131382|To join the meeting on Google Meet, click this link:  https://meet.google.com/mhm-hhwx-qtq    Or open Meet and enter this code: mhm-hhwx-qtq|2021-03-07 07:14:10+00:00|Outgoing|
Rupert Beae|100063691416962|Jose Topgun|100064031851829|Score!|2021-03-07 09:15:47+00:00|Outgoing|
Jose Topgun|100064031851829|Rupert Beae|100063691416962|So sweet , what a score. You hit the big time with that baby|2021-03-07 09:17:06+00:00|Incoming|
Goldfinger|46702578150@s.whatsapp.net|Twilight Grey||Going ahead with the deal|2021-03-07 09:33:42+00:00|Incoming|
Goldfinger|46702578150@s.whatsapp.net|Stockholm Stealers|46736673785-1614171884@g.us|Going ahead with the deal|2021-03-07 09:33:42+00:00|Outgoing|
46708275344@s.whatsapp.net|46708275344@s.whatsapp.net|Stockholm Stealers|46736673785-1614171884@g.us|We got lucky on that last job|2021-03-07 14:55:12+00:00|Incoming|"{""Path"": ""Goldfinger_Apple_iPhone_Generic/Attachments/File/0/Messages-Chat/Messages-Chat_490/e2e5ea74-b611-4d50-8ebd-cd314379f951.jpg"", ""id"": 265}"
Maverick|46708275344@s.whatsapp.net|Twilight Grey||We got lucky on that last job|2021-03-07 14:55:12+00:00|Outgoing|"{""Path"": ""Maverick_Samsung_Galaxy_S21/Attachments/File/0/Messages-Chat/Messages-Chat_1536/0.jpg"", ""id"": 235}"
Maverick SOB|1605396189|Big Boss|1656380740|OK deal. Send the money 💰 usual place, usual time.|2021-03-07 17:14:06+00:00|Outgoing|
46708275344@s.whatsapp.net|46708275344@s.whatsapp.net|Stockholm Stealers|46736673785-1614171884@g.us|Anyone want to play in the big league. Can you guys move this stuff if we come across some?|2021-03-07 17:15:54+00:00|Incoming|
Maverick|46708275344@s.whatsapp.net|Twilight Grey||Anyone want to play in the big league. Can you guys move this stuff if we come across some?|2021-03-07 17:15:54+00:00|Outgoing|
Maverick|46708275344@s.whatsapp.net|Twilight Grey||Good security at this place 👏|2021-03-08 17:44:38+00:00|Outgoing|"{""Path"": ""Maverick_Samsung_Galaxy_S21/Attachments/File/0/Messages-Chat/Messages-Chat_1542/0.jpg"", ""id"": 241}"
Jose Topgun|100064031851829|Goldy Finger|100063606951015|Location-sharing ended|2021-03-08 17:57:52+00:00|Incoming|
46708275344@s.whatsapp.net|46708275344@s.whatsapp.net|Stockholm Stealers|46736673785-1614171884@g.us|Good security at this place 👏|2021-03-08 18:33:17+00:00|Incoming|"{""Path"": ""Goldfinger_Apple_iPhone_Generic/Attachments/File/0/Messages-Chat/Messages-Chat_499/b07b7d27-1684-479c-9f7b-7859d18939f4.jpg"", ""id"": 274}"
Twilight Grey|46762725331@s.whatsapp.net|Goose System||Give me the rings😍😍|2021-03-08 19:13:29+00:00|Incoming|
Twilight Grey|46762725331@s.whatsapp.net|Stockholm Stealers|46736673785-1614171884@g.us|Give me the rings😍😍|2021-03-08 19:13:29+00:00|Incoming|
Maverick SOB|1605396189|Twilight G|1645578300|How exciting! Do let me know when you are planning to be dangerous again. I would like to watch you at your finest...|2021-03-08 19:15:04+00:00|Outgoing|
46708275344@s.whatsapp.net|46708275344@s.whatsapp.net|Stockholm Stealers|46736673785-1614171884@g.us|Awesome. Looks like a perfect target. Thanks Twilight you rock 🪨🎸|2021-03-09 14:06:19+00:00|Incoming|
Maverick|46708275344@s.whatsapp.net|Twilight Grey||Awesome. Looks like a perfect target. Thanks Twilight you rock 🪨🎸|2021-03-09 14:06:20+00:00|Outgoing|
Goose System|46736673785@s.whatsapp.net|Stockholm Stealers|46736673785-1614171884@g.us|This place has easy access from.the woods behind it. Should be good cover for a job.|2021-03-09 18:13:57+00:00|Incoming|
Goose System|46736673785@s.whatsapp.net|Twilight Grey||This place has easy access from.the woods behind it. Should be good cover for a job.|2021-03-09 18:13:57+00:00|Incoming|
Goose|1563131382|Maverick SOB||Nice ok let's make the plan. We need tools and shit...|2021-03-09 19:49:35+00:00|Incoming|
Bad Boy|46735158102|Maverick SOB||I got a few things to buy and sell. I can fence some of your gear if you like? What u got dude....|2021-03-10 07:29:32+00:00|Incoming|
Bad Boy|46735158102|Maverick SOB||I got a few things to buy and sell. I can fence some of your gear if you like? What u got dude....|2021-03-10 07:29:34+00:00|Outgoing|
Bad Boy|46735158102|Maverick SOB||I need to see this stuff in person and check the quality of the merchandise. For all I know you just downloaded this shit off the internet. Not that I don't trust you but I don't....|2021-03-10 07:32:35+00:00|Incoming|
Bad Boy|46735158102|Maverick SOB||I need to see this stuff in person and check the quality of the merchandise. For all I know you just downloaded this shit off the internet. Not that I don't trust you but I don't....|2021-03-10 07:32:37+00:00|Outgoing|
Maverick|46708275344@s.whatsapp.net|Twilight Grey|46762725331@s.whatsapp.net|Need a lift?|2021-03-10 19:46:17+00:00|Outgoing|
Maverick|46708275344@s.whatsapp.net|Twilight Grey|46762725331@s.whatsapp.net|Shame. OK well let me know if you ever want picking up and lifted to new heights 😅|2021-03-11 07:27:35+00:00|Outgoing|
46708275344@s.whatsapp.net|46708275344@s.whatsapp.net|Stockholm Stealers|46736673785-1614171884@g.us|I am hilarious,  thank you for finally recognising my comic genius, alongside my criminal mastermind skills 😉|2021-03-11 07:28:27+00:00|Incoming|
Maverick|46708275344@s.whatsapp.net|Twilight Grey||I am hilarious,  thank you for finally recognising my comic genius, alongside my criminal mastermind skills 😉|2021-03-11 07:28:28+00:00|Outgoing|
Maverick|46708275344@s.whatsapp.net|Twilight Grey||Let's just say that last night out score was quantity over quality....|2021-03-11 07:30:56+00:00|Outgoing|
46708275344@s.whatsapp.net|46708275344@s.whatsapp.net|Stockholm Stealers|46736673785-1614171884@g.us|Let's just say that last night out score was quantity over quality....|2021-03-11 07:30:56+00:00|Incoming|
Maverick SOB|1605396189|Big Boss|1656380740|Got you a bucket load of nicked gear!|2021-03-11 07:31:53+00:00|Outgoing|
Big Boss|1656380740|Maverick SOB||Oh man. How am I supposed to value that lot. I bet most of it is useless crap. You will need to do some sorting first before you bring it to me if you want to get paid...|2021-03-11 07:52:03+00:00|Incoming|
Goose System|46736673785@s.whatsapp.net|Stockholm Stealers|46736673785-1614171884@g.us|Ok this is our secret stash location. We hide the loot here in future to avoid the risk of being caught in possession....|2021-03-11 18:06:27+00:00|Incoming|"{""Path"": ""Goldfinger_Apple_iPhone_Generic/Attachments/File/0/Messages-Chat/Messages-Chat_545/ba5641f4-a92c-4028-ab45-50f9dbb06f2a.jpg"", ""id"": 320}"
Goose System|46736673785@s.whatsapp.net|Twilight Grey||Ok this is our secret stash location. We hide the loot here in future to avoid the risk of being caught in possession....|2021-03-11 18:06:27+00:00|Incoming|"{""Path"": ""Maverick_Samsung_Galaxy_S21/Attachments/File/0/Messages-Chat/Messages-Chat_1605/0.jpg"", ""id"": 304}"
Maverick SOB|1605396189|Big Boss|1656380740|Look found an amazing place to do over. Bound to be some good stuff here....|2021-03-11 18:45:27+00:00|Outgoing|
Rupert Beae|100063691416962|Jose Topgun|100064031851829|Stash location is cool|2021-03-11 18:48:06+00:00|Outgoing|
Maverick|46708275344@s.whatsapp.net|Twilight Grey||This place was very isolated|2021-03-11 18:49:38+00:00|Outgoing|"{""Path"": ""Maverick_Samsung_Galaxy_S21/Attachments/File/0/Messages-Chat/Messages-Chat_1609/0.jpg"", ""id"": 308}"
46708275344@s.whatsapp.net|46708275344@s.whatsapp.net|Stockholm Stealers|46736673785-1614171884@g.us|This place was very isolated|2021-03-11 18:49:38+00:00|Incoming|"{""Path"": ""Goldfinger_Apple_iPhone_Generic/Attachments/File/0/Messages-Chat/Messages-Chat_549/0c8442df-0e7e-47f1-b640-fe86cd877dcc.jpg"", ""id"": 324}"
Maverick SOB|46708275344|Goose|46736673785|This one for a getaway vehicle?|2021-03-11 18:50:18+00:00|Outgoing|
Jose Topgun|100064031851829|Rupert Beae|100063691416962|Yes but naturally keep it quiet. Don't want the whole world to know about this place...|2021-03-11 20:42:17+00:00|Incoming|
Maverick SOB|1605396189|Twilight G|1645578300|Rock 🪨 in snow ❄|2021-03-11 20:47:41+00:00|Outgoing|
Goldy Finger|46702578150|Goose System|46 73-667 37 85|I’m meeting a contact later...any bling to move|2021-03-12 07:07:17+00:00|Outgoing|
Bad Boy|46735158102|Maverick SOB||Dude stop sending me useless shit and let's get down to business...|2021-03-12 07:33:25+00:00|Incoming|
Bad Boy|46735158102|Maverick SOB||Dude stop sending me useless shit and let's get down to business...|2021-03-12 07:33:28+00:00|Outgoing|
Big Boss|1656380740|Maverick SOB||Meet me at the rocket ship tonight...|2021-03-12 17:38:57+00:00|Incoming|
Maverick|46708275344@s.whatsapp.net|Twilight Grey||This feels like a trap?|2021-03-12 18:11:33+00:00|Outgoing|"{""Path"": ""Maverick_Samsung_Galaxy_S21/Attachments/File/0/Messages-Chat/Messages-Chat_1627/0.jpg"", ""id"": 326}"
Jose Topgun|100064031851829|Goldy Finger|100063606951015|You want me to get you something nice from the jewelry collection?|2021-03-12 18:17:49+00:00|Incoming|
46708275344@s.whatsapp.net|46708275344@s.whatsapp.net|Stockholm Stealers|46736673785-1614171884@g.us|This feels like a trap?|2021-03-12 18:33:03+00:00|Incoming|"{""Path"": ""Goldfinger_Apple_iPhone_Generic/Attachments/File/0/Messages-Chat/Messages-Chat_563/4107cb6f-b1ea-480d-aa7d-64bf6c2b6b44.jpg"", ""id"": 338}"
Maverick.4444|maverick.4444_ul7@talk.kik.com|Goose.4444|goose.4444_icw@talk.kik.com|Dude stop being a moron. Grab the stolen goods and get back to base.|2021-03-12 19:12:50+00:00|Outgoing|
Jose Topgun|100064031851829|Goldy Finger|100063606951015|https://youtube.com/watch?v=CNTM9iM1eVw&feature=share|2021-03-12 19:25:27+00:00|Incoming|
Goose System|46736673785@s.whatsapp.net|Goldfinger|46702578150@s.whatsapp.net|To join the meeting on Google Meet, click this link:  https://meet.google.com/ete-bwxi-avn    Or open Meet and enter this code: ete-bwxi-avn|2021-03-12 19:32:13+00:00|Incoming|
Maverick SOB|1605396189|Big Boss|1656380740|It was a good week. We pay off our debts soon boss 😎|2021-03-13 10:19:17+00:00|Outgoing|
Mike Jonson|447776466451@s.whatsapp.net|Maverick|46708275344@s.whatsapp.net|Usual place, usual time, no more online questions. Call me when u r ready.|2021-03-13 10:51:51+00:00|Incoming|
Goose System|46736673785@s.whatsapp.net|Stockholm Stealers|46736673785-1614171884@g.us|Nice work boss. Happy to help ☺️|2021-03-13 11:08:20+00:00|Incoming|
Goose System|46736673785@s.whatsapp.net|Twilight Grey||Nice work boss. Happy to help ☺️|2021-03-13 11:08:20+00:00|Incoming|
Michael Jonson|1004201305|Rupert Beae|100063691416962|https://youtube.com/watch?v=avaSdC0QOUM&feature=share|2021-03-13 14:24:36+00:00|Incoming|
Maverick|46708275344@s.whatsapp.net|Twilight Grey|46762725331@s.whatsapp.net|https://youtube.com/watch?v=avaSdC0QOUM&feature=share|2021-03-13 15:10:35+00:00|Outgoing|
Rupert Beae|100063691416962|Goldy Finger|100063606951015|Celebrate with a pair of diamond earrings?|2021-03-13 17:33:23+00:00|Incoming|
Rupert Beae|100063691416962|Goldy Finger|100063606951015|Celebrate with a pair of diamond earrings?|2021-03-13 17:33:23+00:00|Outgoing|
Goose System|46736673785@s.whatsapp.net|Stockholm Stealers|46736673785-1614171884@g.us|Ok so tonight we take time off and watch Melody Festivals?|2021-03-13 17:38:33+00:00|Incoming|
Goose System|46736673785@s.whatsapp.net|Twilight Grey||Ok so tonight we take time off and watch Melody Festivals?|2021-03-13 17:38:33+00:00|Incoming|
46708275344@s.whatsapp.net|46708275344@s.whatsapp.net|Stockholm Stealers|46736673785-1614171884@g.us|Yes great idea Goose. We worked hard, made a big score with the diamonds and we deserve a night off for once. Let's all enjoy the silly cult Swedish music show!|2021-03-13 17:43:32+00:00|Incoming|
Maverick|46708275344@s.whatsapp.net|Twilight Grey||Yes great idea Goose. We worked hard, made a big score with the diamonds and we deserve a night off for once. Let's all enjoy the silly cult Swedish music show!|2021-03-13 17:43:33+00:00|Outgoing|
Big Boss|1656380740|Maverick SOB||What the hell are they singing in the chorus?|2021-03-13 20:34:11+00:00|Incoming|
Twilight Grey|46762725331@s.whatsapp.net|Stockholm Stealers|46736673785-1614171884@g.us|Okey good for you|2021-03-14 08:00:26+00:00|Incoming|
Twilight Grey|46762725331@s.whatsapp.net|Goose System||Okey good for you|2021-03-14 08:00:26+00:00|Incoming|
Michael Jonson|1004201305|Rupert Beae|100063691416962|This could be a good place to visit ...|2021-03-14 10:16:32+00:00|Incoming|
Maverick.4444|maverick.4444_ul7@talk.kik.com|Goose.4444|goose.4444_icw@talk.kik.com|So why is KiK any good then? Seems a bit shit to me?|2021-03-14 13:18:00+00:00|Outgoing|
Goose|46736673785|Maverick SOB||content://com.viber.voip.provider.internal_files/gif/0-01-05-fd57bb7a756cd4ac91f7039c0d1117bc00b2507b261fda1f73eb85ef340f068a?pg=false&th=content%3A%2F%2Fcom.viber.voip.provider.internal_files%2Fmessage%2Flocal%2Fthumb%2F0-01-05-fd57bb7a756cd4ac91f7039c0d1117bc00b2507b261fda1f73eb85ef340f068a&ep=AQAAANxZKYNVMkC9QjwAQYfWxWzjJ9VozQdeqI4WzRUGBrfv|2021-03-14 13:41:53+00:00|Incoming|
Maverick|46708275344@s.whatsapp.net|Twilight Grey||Scored!!!|2021-03-14 13:47:50+00:00|Outgoing|"{""Path"": ""Maverick_Samsung_Galaxy_S21/Attachments/File/0/Messages-Chat/Messages-Chat_1675/0.jpg"", ""id"": 374}"
46708275344@s.whatsapp.net|46708275344@s.whatsapp.net|Stockholm Stealers|46736673785-1614171884@g.us|Scored!!!|2021-03-14 13:47:50+00:00|Incoming|"{""Path"": ""Goldfinger_Apple_iPhone_Generic/Attachments/File/0/Messages-Chat/Messages-Chat_590/9f9f6860-9981-4eb9-9e0a-44677a83df22.jpg"", ""id"": 365}"
46708275344@s.whatsapp.net|46708275344@s.whatsapp.net|Stockholm Stealers|46736673785-1614171884@g.us|Another jackpot house today. It's too easy....|2021-03-14 13:49:47+00:00|Incoming|
Maverick|46708275344@s.whatsapp.net|Twilight Grey||Another jackpot house today. It's too easy....|2021-03-14 13:49:48+00:00|Outgoing|
Goldfinger|46702578150@s.whatsapp.net|Stockholm Stealers|46736673785-1614171884@g.us|Another trap|2021-03-14 14:43:30+00:00|Outgoing|"{""Path"": ""Goldfinger_Apple_iPhone_Generic/Attachments/File/0/Messages-Chat/Messages-Chat_595/10b8e915-7ff3-4b2a-8f50-792f15a02139.jpg"", ""id"": 370}"
Goldfinger|46702578150@s.whatsapp.net|Twilight Grey||Another trap|2021-03-14 19:51:10+00:00|Incoming|"{""Path"": ""Maverick_Samsung_Galaxy_S21/Attachments/File/0/Messages-Chat/Messages-Chat_1680/0.jpg"", ""id"": 379}"
46708275344@s.whatsapp.net|46708275344@s.whatsapp.net|Stockholm Stealers|46736673785-1614171884@g.us|Damn that place is super secure. How did you get in?|2021-03-14 20:17:54+00:00|Incoming|
Maverick|46708275344@s.whatsapp.net|Twilight Grey||Damn that place is super secure. How did you get in?|2021-03-14 20:17:55+00:00|Outgoing|
Goldfinger|46702578150@s.whatsapp.net|Twilight Grey||It used to be a bank but I recon they still hold some really valuable things there|2021-03-14 21:14:43+00:00|Incoming|
Goldfinger|46702578150@s.whatsapp.net|Stockholm Stealers|46736673785-1614171884@g.us|It used to be a bank but I recon they still hold some really valuable things there|2021-03-14 21:14:43+00:00|Outgoing|
Goose|46736673785|Maverick SOB||It's all going to shit 😊|2021-03-15 10:16:43+00:00|Incoming|
Goose System|46 73-667 37 85|Goldy Finger|46702578150|That's what you get for wearing pink pants|2021-03-16 08:38:15+00:00|Incoming|
46708275344@s.whatsapp.net|46708275344@s.whatsapp.net|Stockholm Stealers|46736673785-1614171884@g.us|Hey dudes. This sucks. Big boss is giving us less and less for each score. Told me  price of gold is going down....|2021-03-16 08:49:17+00:00|Incoming|
Maverick|46708275344@s.whatsapp.net|Twilight Grey||Hey dudes. This sucks. Big boss is giving us less and less for each score. Told me  price of gold is going down....|2021-03-16 08:49:17+00:00|Outgoing|
Maverick|46708275344@s.whatsapp.net|Twilight Grey||We may have to switch jobs...|2021-03-16 08:50:21+00:00|Outgoing|
46708275344@s.whatsapp.net|46708275344@s.whatsapp.net|Stockholm Stealers|46736673785-1614171884@g.us|We may have to switch jobs...|2021-03-16 08:50:21+00:00|Incoming|
Goose System|46736673785@s.whatsapp.net|Stockholm Stealers|46736673785-1614171884@g.us|Shit really? That sucks. So what the hell do we do?|2021-03-16 08:55:36+00:00|Incoming|
Goose System|46736673785@s.whatsapp.net|Twilight Grey||Shit really? That sucks. So what the hell do we do?|2021-03-16 08:55:36+00:00|Incoming|
Bad Boy|1585569757|Maverick SOB||I want to trade. The boys let me know you deal in cheap gear and occasionally I get some to sell and every now and then I need to buy...|2021-03-16 10:28:19+00:00|Incoming|
Bad Boy|1585569757|Maverick SOB||I want to trade. The boys let me know you deal in cheap gear and occasionally I get some to sell and every now and then I need to buy...|2021-03-16 10:28:19+00:00|Outgoing|
Maverick SOB|1605396189|Bad Boy|1585569757|OK but how can I trust you after last time? You really screwed up...|2021-03-16 10:28:48+00:00|Incoming|
Maverick SOB|1605396189|Bad Boy|1585569757|OK but how can I trust you after last time? You really screwed up...|2021-03-16 10:28:48+00:00|Outgoing|
Maverick SOB|1605396189|Bad Boy|1585569757|Ha yer right. How many times have I heard that shit before. 🤔|2021-03-16 10:29:59+00:00|Outgoing|
Maverick SOB|1605396189|Bad Boy|1585569757|Ha yer right. How many times have I heard that shit before. 🤔|2021-03-16 10:29:59+00:00|Incoming|
Bad Boy|1585569757|Maverick SOB||Seriously you can trust me. I won't make the same mistake twice. I will pay on time and keep your secrets. In my honor|2021-03-16 10:30:48+00:00|Incoming|
Bad Boy|1585569757|Maverick SOB||Seriously you can trust me. I won't make the same mistake twice. I will pay on time and keep your secrets. In my honor|2021-03-16 10:30:48+00:00|Outgoing|
Maverick SOB|1605396189|Goose|1563131382|That scumbag Bad Boy is back. Wants to play nice and join the gang? What do u think? 😳|2021-03-16 10:33:06+00:00|Outgoing|
Goose|1563131382|Maverick SOB||Ah man. Really? He has a bad rep. Dropped people right in it before. You know the rumours... I dunno man.|2021-03-16 10:34:10+00:00|Incoming|
Maverick SOB|1605396189|Goose|1563131382|Ah shit. Yer I guess so. Tooled up already? Man it's like you knew already? 😏|2021-03-16 10:37:48+00:00|Outgoing|
Telegram|777000|Bad Boy|1585569757|Telegram surpassed 500 million active users.    In 2021, more than 150 million new users from around the world joined Telegram.  Thank you! These milestones were made possible by users like you who invite their friends to Telegram.   If you have contacts that joined in the last few days, you can welcome them using one of Telegram’s unique features, such as an animated sticker or a video message.  To find out more about Telegram features, have a look at https://t.me/TelegramTips/233|2021-03-16 15:31:29+00:00|Incoming|
Goldfinger|46702578150@s.whatsapp.net|Twilight Grey||WTF noooo I can’t shift more stuff.... tell our Boss 🖕🏼|2021-03-16 15:46:29+00:00|Incoming|
Goldfinger|46702578150@s.whatsapp.net|Stockholm Stealers|46736673785-1614171884@g.us|WTF noooo I can’t shift more stuff.... tell our Boss 🖕🏼|2021-03-16 15:46:29+00:00|Outgoing|
Twilight Grey|46762725331@s.whatsapp.net|Goose System||Loosing money🥺|2021-03-16 18:59:57+00:00|Incoming|
Twilight Grey|46762725331@s.whatsapp.net|Stockholm Stealers|46736673785-1614171884@g.us|Loosing money🥺|2021-03-16 18:59:57+00:00|Incoming|
Maverick SOB|1605396189|Goose|1563131382|Stop horsing around and do some work..|2021-03-17 11:13:23+00:00|Outgoing|
Goldfinger|46702578150@s.whatsapp.net|Stockholm Stealers|46736673785-1614171884@g.us|Going soon.... hoping to bring the real deal|2021-03-17 11:14:03+00:00|Outgoing|
Goldfinger|46702578150@s.whatsapp.net|Twilight Grey||Going soon.... hoping to bring the real deal|2021-03-17 11:14:04+00:00|Incoming|
Maverick SOB|1605396189|Goose|1563131382|So what about Bad Boy? Do we let him in the gang or what?|2021-03-17 11:14:04+00:00|Outgoing|
Goose|1563131382|Maverick SOB||Ok I guess we could do with an extra pair of hands. Seeing as we have to work harder now gold price is dropping|2021-03-17 11:14:55+00:00|Incoming|
Maverick SOB|1605396189|Bad Boy|1585569757|OK Bad Boy... Goose agreed to give you a second chance,  but you need to do everything we say OK?|2021-03-17 11:15:58+00:00|Outgoing|
Maverick SOB|1605396189|Bad Boy|1585569757|OK Bad Boy... Goose agreed to give you a second chance,  but you need to do everything we say OK?|2021-03-17 11:15:58+00:00|Incoming|
Maverick SOB|1605396189|Bad Boy|1585569757|Dear God, please make sure I don't. Sick of cleaning up after others.|2021-03-17 11:17:07+00:00|Incoming|
Maverick SOB|1605396189|Bad Boy|1585569757|Dear God, please make sure I don't. Sick of cleaning up after others.|2021-03-17 11:17:07+00:00|Outgoing|
Goldfinger|1643401562|Maverick SOB||I think Goose is trying to screw me over|2021-03-17 11:17:22+00:00|Incoming|
Maverick SOB|1605396189|Bad Boy|1585569757|First job. Find us a place to rob..|2021-03-17 11:17:24+00:00|Incoming|
Maverick SOB|1605396189|Bad Boy|1585569757|First job. Find us a place to rob..|2021-03-17 11:17:24+00:00|Outgoing|
Bad Boy|1585569757|Maverick SOB||Ok boss will do...|2021-03-17 11:17:36+00:00|Outgoing|
Bad Boy|1585569757|Maverick SOB||Ok boss will do...|2021-03-17 11:17:36+00:00|Incoming|
Goldfinger|1643401562|Maverick SOB||Heard something from Twilight and got nervous|2021-03-17 11:22:33+00:00|Incoming|
Big Boss|1656380740|Maverick SOB||Do your job and get the 💰|2021-03-17 11:25:05+00:00|Incoming|
Maverick SOB|1605396189|Goldfinger|1643401562|What did u hear? Is he doing some side hustles without me? 🤔|2021-03-17 11:25:51+00:00|Outgoing|
Maverick SOB|1605396189|Bad Boy|1585569757|In the city? Nah man that's someone else's turf. We stick to the suburbs or get whacked.|2021-03-17 11:26:27+00:00|Outgoing|
Maverick SOB|1605396189|Bad Boy|1585569757|In the city? Nah man that's someone else's turf. We stick to the suburbs or get whacked.|2021-03-17 11:26:27+00:00|Incoming|
46708275344@s.whatsapp.net|46708275344@s.whatsapp.net|Stockholm Stealers|46736673785-1614171884@g.us|This is a nice piece I got. What do you guys think?|2021-03-17 11:28:59+00:00|Incoming|
Maverick|46708275344@s.whatsapp.net|Twilight Grey||This is a nice piece I got. What do you guys think?|2021-03-17 11:28:59+00:00|Outgoing|
Maverick|46708275344@s.whatsapp.net|Twilight Grey|46762725331@s.whatsapp.net|What do you call a smelly, one eyed donkey with three legs?|2021-03-17 11:32:43+00:00|Outgoing|
Twilight Grey|46762725331@s.whatsapp.net|Maverick|46708275344@s.whatsapp.net|A wonky tonky smelly donkey|2021-03-17 13:35:30+00:00|Incoming|
Maverick|46708275344@s.whatsapp.net|Twilight Grey|46762725331@s.whatsapp.net|Haha that's better than the real joke 🤣  Stinky winky wonky donkey|2021-03-17 14:16:46+00:00|Outgoing|
Goose System|46736673785@s.whatsapp.net|Twilight Grey||Some days this job is rubbish|2021-03-17 15:40:02+00:00|Incoming|"{""Path"": ""Maverick_Samsung_Galaxy_S21/Attachments/File/0/Messages-Chat/Messages-Chat_1751/0.jpg"", ""id"": 450}"
Goose System|46736673785@s.whatsapp.net|Stockholm Stealers|46736673785-1614171884@g.us|Some days this job is rubbish|2021-03-17 15:40:02+00:00|Incoming|"{""Path"": ""Goldfinger_Apple_iPhone_Generic/Attachments/File/0/Messages-Chat/Messages-Chat_651/4f598bbc-dba6-4c9e-b35f-e3747056f24c.jpg"", ""id"": 426}"
Twilight Grey|46762725331@s.whatsapp.net|Stockholm Stealers|46736673785-1614171884@g.us|But every job can be|2021-03-17 17:25:13+00:00|Incoming|
Twilight Grey|46762725331@s.whatsapp.net|Goose System||But every job can be|2021-03-17 17:25:13+00:00|Incoming|
Maverick SOB|1605396189|Bad Boy|1585569757|Deal|2021-03-18 21:03:34+00:00|Outgoing|
Maverick SOB|1605396189|Bad Boy|1585569757|Deal|2021-03-18 21:03:34+00:00|Incoming|
Big Boss|1656380740|Maverick SOB||50% Still owed. You forget about the interest outstanding...|2021-03-18 21:07:05+00:00|Incoming|
Maverick.4444|maverick.4444_ul7@talk.kik.com|ladyancy96|ladyancy96_e2i@talk.kik.com|Hello obvious chat bot scam thing|2021-03-19 09:26:40+00:00|Outgoing|
Maverick.4444|maverick.4444_ul7@talk.kik.com|ladyancy96|ladyancy96_e2i@talk.kik.com|Oh wow what a wonderful surprise that you have the perfect excuse to reach out to me for no good reason. I especially like your click bait photo designed for muppets. When do you get to the point of asking me for personal information or money?|2021-03-19 09:30:13+00:00|Outgoing|
Maverick.4444|maverick.4444_ul7@talk.kik.com|ladyancy96|ladyancy96_e2i@talk.kik.com|Well clearly I have spent my whole life waiting for you and your roomie to randomly reach out to me. I can't wait to see what this algorithm sends me next. You couldn't have picked a better phone to contact :)|2021-03-19 09:33:43+00:00|Outgoing|
Maverick.4444|maverick.4444_ul7@talk.kik.com|ladyancy96|ladyancy96_e2i@talk.kik.com|I like to knit and also crochet in my time off. After I have finished volunteering my time at the injured pet rescue centre. What with that and Jesus, there is little time for anything else.|2021-03-19 09:39:05+00:00|Outgoing|
Goldy Finger|100063606951015|Rupert Beae|100063691416962|Good getaway thingy in the city|2021-03-19 09:40:26+00:00|Outgoing|
Goldy Finger|100063606951015|Rupert Beae|100063691416962|Good getaway thingy in the city|2021-03-19 09:40:26+00:00|Incoming|
Maverick.4444|maverick.4444_ul7@talk.kik.com|ladyancy96|ladyancy96_e2i@talk.kik.com|Preferably real ones who would have obviously picked up my deep level sarcasm by now. Instead I'm stuck chatting to a bit which is ignoring my brilliant humour...|2021-03-19 09:40:55+00:00|Outgoing|
Maverick.4444|maverick.4444_ul7@talk.kik.com|ladyancy96|ladyancy96_e2i@talk.kik.com|OK yes please do. I can't wait for the bit where I have to strip naked and photograph myself for you and your roomier Bob.|2021-03-19 09:43:38+00:00|Outgoing|
Maverick.4444|maverick.4444_ul7@talk.kik.com|ladyancy96|ladyancy96_e2i@talk.kik.com|I particularly like the way this bot has a delay of 3 minutes between replies to make it look like its a real human considering what to reply before sending out a prescription response. And here it is the immediate pointer towards sex in a desperate attempt to illicit a response where I lose all control and send you naked pics so you can blackmail me and ruin my life 😜 let's go for it|2021-03-19 09:47:48+00:00|Outgoing|
Maverick.4444|maverick.4444_ul7@talk.kik.com|ladyancy96|ladyancy96_e2i@talk.kik.com|Oh good bot. Well spotted. Has a real human joined the conversation because this exchange has gone on long enough to warrant investing some real time and energy into scamming me?|2021-03-19 09:51:02+00:00|Outgoing|
ladyancy96|ladyancy96_e2i@talk.kik.com|Maverick.4444|maverick.4444_ul7@talk.kik.com|no scam here. if you dont want 2 c me it's fine dont get all weird on me though ok?|2021-03-19 09:53:53+00:00|Incoming|
Maverick.4444|maverick.4444_ul7@talk.kik.com|ladyancy96|ladyancy96_e2i@talk.kik.com|Well if I am being honest, I will probably capture this entire discussion on a mobile forensics extraction and have hundreds of cops look at the contents as a training exercise in digital evidence for the FORMOBILE project.|2021-03-19 10:24:17+00:00|Outgoing|
Bad Boy|1585569757|Maverick SOB||Ok let's meet up today for the exchange. I bring the gear and you bring the cash.|2021-03-19 10:30:32+00:00|Outgoing|
Bad Boy|1585569757|Maverick SOB||Ok let's meet up today for the exchange. I bring the gear and you bring the cash.|2021-03-19 10:30:32+00:00|Incoming|
Maverick.4444|maverick.4444_ul7@talk.kik.com|ladyancy96|ladyancy96_e2i@talk.kik.com|Well that's a shame, but I guess proof enough that a real human took over the discussion at the end. Disappointed we couldn't keep the chat going longer but great to get your IP details thanks 👍|2021-03-19 10:36:27+00:00|Outgoing|
Rupert Beae|100063691416962|Goldy Finger|100063606951015|Also getaway thingy in the city|2021-03-19 10:42:26+00:00|Incoming|
Rupert Beae|100063691416962|Goldy Finger|100063606951015|Also getaway thingy in the city|2021-03-19 10:42:26+00:00|Outgoing|
Maverick SOB|1605396189|Big Boss|1656380740|So what's it going to take to get a clean break ?|2021-03-19 13:47:38+00:00|Outgoing|
Maverick SOB|1605396189|Big Boss|1656380740|Christ almighty. OK boss|2021-03-19 15:45:45+00:00|Outgoing|
Maverick SOB|1605396189|Bad Boy|1585569757|Yer OK I can do that. See you there shortly. Bring the packages 📦|2021-03-19 15:46:31+00:00|Outgoing|
Maverick SOB|1605396189|Bad Boy|1585569757|Yer OK I can do that. See you there shortly. Bring the packages 📦|2021-03-19 15:46:31+00:00|Incoming|
Bad Boy|1585569757|Maverick SOB||Ok and you bring the money. By the way stop calling me 'shortly'|2021-03-19 15:47:09+00:00|Outgoing|
Bad Boy|1585569757|Maverick SOB||Ok and you bring the money. By the way stop calling me 'shortly'|2021-03-19 15:47:09+00:00|Incoming|
Goose System|46736673785@s.whatsapp.net|Twilight Grey||Nice work Mav. What is the cut?|2021-03-19 17:03:05+00:00|Incoming|
Goose System|46736673785@s.whatsapp.net|Stockholm Stealers|46736673785-1614171884@g.us|Nice work Mav. What is the cut?|2021-03-19 17:03:05+00:00|Incoming|
Maverick|46708275344@s.whatsapp.net|Twilight Grey||This little bag of white powder could be worth 100,000kr if we deal with it correctly 🤔|2021-03-19 19:07:48+00:00|Outgoing|
46708275344@s.whatsapp.net|46708275344@s.whatsapp.net|Stockholm Stealers|46736673785-1614171884@g.us|This little bag of white powder could be worth 100,000kr if we deal with it correctly 🤔|2021-03-19 19:07:49+00:00|Incoming|
Goldfinger|1643401562|Maverick SOB||Mr Hood|2021-03-19 19:12:17+00:00|Incoming|
Goldfinger|46702578150@s.whatsapp.net|Twilight Grey||Good job|2021-03-19 19:12:44+00:00|Incoming|
Goldfinger|46702578150@s.whatsapp.net|Stockholm Stealers|46736673785-1614171884@g.us|Good job|2021-03-19 19:12:44+00:00|Outgoing|
Maverick|46708275344@s.whatsapp.net|Twilight Grey||Me running away or a black dog running towards you?|2021-03-19 19:19:15+00:00|Outgoing|"{""Path"": ""Maverick_Samsung_Galaxy_S21/Attachments/File/0/Messages-Chat/Messages-Chat_1800/0.jpg"", ""id"": 499}"
46708275344@s.whatsapp.net|46708275344@s.whatsapp.net|Stockholm Stealers|46736673785-1614171884@g.us|Me running away or a black dog running towards you?|2021-03-19 19:19:15+00:00|Incoming|"{""Path"": ""Goldfinger_Apple_iPhone_Generic/Attachments/File/0/Messages-Chat/Messages-Chat_691/5b9d6742-6532-4a2d-929b-de132f4075b2.jpg"", ""id"": 466}"
Jose Topgun|100064031851829|Rupert Beae|100063691416962|https://youtube.com/watch?v=cRIfsFefatg&feature=share|2021-03-20 09:45:42+00:00|Incoming|
Bad Boy|1585569757|Maverick SOB||One good deal, deserves another..|2021-03-20 12:28:09+00:00|Outgoing|
Bad Boy|1585569757|Maverick SOB||One good deal, deserves another..|2021-03-20 12:28:09+00:00|Incoming|
Telegram|777000|Maverick SOB||Voice Chats 2.0: Channels, Millions of Listeners, Recorded Chats, Admin Tools  Millions of Concurrent Listeners • Start limitless Voice Chats in Groups and Channels. • Host discussions that can be listened to by millions of people simultaneously.  Voice Chat Recordings • Record voice chats to share or publish in Channels later. • See that a chat is being recorded from the red dot next to its title.  Improved List of Participants • See user bio texts right from the list of participants. • Raise your hand to show admins you want to speak.  Tools for Organizers • Create separate Voice Chat Invite Links for listeners or speakers. • Change the title of your Voice Chat to give people an idea of the current topic. • Join Voice Chats as one of your Channels to hide your personal account.  Swipe Action Settings • Choose which action is performed when you swipe left on a chat in your list: Pin, Mark as Read, Archive, Mute or Delete.  More about this update: https://telegram.org/blog/voice-chats-on-steroids|2021-03-20 12:28:26+00:00|Incoming|
Goose System|46 73-667 37 85|Goldy Finger|46702578150|He even does rocks now?|2021-03-20 14:29:13+00:00|Incoming|
Goose|46736673785|Maverick SOB||What happens if I say the word heroin in this chat thread 🧵???|2021-03-20 15:09:51+00:00|Incoming|
Maverick SOB|46708275344|Goose|46736673785|Maybe try selling crack instead?|2021-03-20 16:14:25+00:00|Outgoing|
Maverick SOB|1605396189|Bad Boy|1585569757|Funnily enough I have a kilo of white powder available...|2021-03-20 16:15:08+00:00|Outgoing|
Maverick SOB|1605396189|Bad Boy|1585569757|Funnily enough I have a kilo of white powder available...|2021-03-20 16:15:08+00:00|Incoming|
Bad Boy|1585569757|Maverick SOB||Well how convenient? So what's the price of that then?|2021-03-20 16:15:42+00:00|Outgoing|
Bad Boy|1585569757|Maverick SOB||Well how convenient? So what's the price of that then?|2021-03-20 16:15:42+00:00|Incoming|
Maverick SOB|1605396189|Big Boss|1656380740|OK boss I have a possible big score coming in via a contact. Could be worth 100,000 to clear my debts!!!|2021-03-20 16:19:52+00:00|Outgoing|
Big Boss|1656380740|Maverick SOB||You don't want me to have to send the big boys around again to your place, do you?|2021-03-20 16:20:48+00:00|Incoming|
Maverick SOB|1605396189|Bad Boy|1585569757|Yes well finest quality,  very cheap to you my friend. You can cut it down and quadruple the value...|2021-03-20 16:24:12+00:00|Incoming|
Maverick SOB|1605396189|Bad Boy|1585569757|Yes well finest quality,  very cheap to you my friend. You can cut it down and quadruple the value...|2021-03-20 16:24:12+00:00|Outgoing|
Maverick|46708275344@s.whatsapp.net|Goose System|46736673785@s.whatsapp.net|Usual time and place. Deal is done for today Goose.|2021-03-20 16:27:04+00:00|Outgoing|
Michael Jonson|1004201305|Rupert Beae|100063691416962|https://www.youtube.com/watch?v=RidKpZEJj4E|2021-03-20 21:38:59+00:00|Incoming|
Maverick SOB|1605396189|Big Boss|1656380740|OK okay. I get the message. I will pay. Need 48hrs. Got a big deal for white powder in the works.|2021-03-21 11:17:00+00:00|Outgoing|
Maverick SOB|1605396189|Goldfinger|1643401562|Gangbana??|2021-03-22 12:51:00+00:00|Outgoing|
Twilight Grey|46762725331@s.whatsapp.net|Stockholm Stealers|46736673785-1614171884@g.us|Good job|2021-03-23 08:43:40+00:00|Incoming|
Twilight Grey|46762725331@s.whatsapp.net|Goose System||Good job|2021-03-23 08:43:40+00:00|Incoming|
Goldfinger|46702578150@s.whatsapp.net|Maverick|46708275344@s.whatsapp.net|3k with necklace|2021-03-23 14:07:52+00:00|Incoming|
Goldfinger|46702578150@s.whatsapp.net|46708275344@s.whatsapp.net|46708275344@s.whatsapp.net|3k with necklace|2021-03-23 14:07:52+00:00|Outgoing|
Maverick|46708275344@s.whatsapp.net|Twilight Grey||This one looks like a great target. Close to the woods for an easy getaway in multiple directions 😌👌|2021-03-23 17:20:18+00:00|Outgoing|"{""Path"": ""Maverick_Samsung_Galaxy_S21/Attachments/File/0/Messages-Chat/Messages-Chat_1829/0.jpg"", ""id"": 528}"
46708275344@s.whatsapp.net|46708275344@s.whatsapp.net|Stockholm Stealers|46736673785-1614171884@g.us|This one looks like a great target. Close to the woods for an easy getaway in multiple directions 😌👌|2021-03-23 17:30:32+00:00|Incoming|"{""Path"": ""Goldfinger_Apple_iPhone_Generic/Attachments/File/0/Messages-Chat/Messages-Chat_713/8ec4e6f7-beb7-4ca5-9c03-cd26f5ca448e.jpg"", ""id"": 488}"
Maverick|46708275344@s.whatsapp.net|Twilight Grey||OK we will hit this one again  tonight. It was an easy target last time and the gap is large enough for the insurance payout to replace the stuff we stole first time around....|2021-03-23 17:57:46+00:00|Outgoing|"{""Path"": ""Maverick_Samsung_Galaxy_S21/Attachments/File/0/Messages-Chat/Messages-Chat_1834/0.jpg"", ""id"": 533}"
46708275344@s.whatsapp.net|46708275344@s.whatsapp.net|Stockholm Stealers|46736673785-1614171884@g.us|OK we will hit this one again  tonight. It was an easy target last time and the gap is large enough for the insurance payout to replace the stuff we stole first time around....|2021-03-23 17:58:20+00:00|Incoming|"{""Path"": ""Goldfinger_Apple_iPhone_Generic/Attachments/File/0/Messages-Chat/Messages-Chat_714/6c9acd17-4177-47f9-abf8-a172c510f2c5.mp4"", ""id"": 489}"
Goose System|46736673785@s.whatsapp.net|Twilight Grey||Give me 5 mins to grab tools|2021-03-23 18:01:16+00:00|Incoming|
Goose System|46736673785@s.whatsapp.net|Stockholm Stealers|46736673785-1614171884@g.us|Give me 5 mins to grab tools|2021-03-23 18:01:16+00:00|Incoming|
Maverick SOB|1605396189|Goldfinger|1643401562|Christ have you seen the size of this place?|2021-03-23 18:10:27+00:00|Outgoing|
Maverick|46708275344@s.whatsapp.net|Twilight Grey||Last night was a good hit|2021-03-24 07:32:22+00:00|Outgoing|"{""Path"": ""Maverick_Samsung_Galaxy_S21/Attachments/File/0/Messages-Chat/Messages-Chat_1847/0.jpg"", ""id"": 546}"
46708275344@s.whatsapp.net|46708275344@s.whatsapp.net|Stockholm Stealers|46736673785-1614171884@g.us|Last night was a good hit|2021-03-24 07:32:23+00:00|Incoming|"{""Path"": ""Goldfinger_Apple_iPhone_Generic/Attachments/File/0/Messages-Chat/Messages-Chat_721/c944883b-cd22-4bdf-932e-1c9d514deee9.jpg"", ""id"": 496}"
Goose System|46736673785@s.whatsapp.net|Stockholm Stealers|46736673785-1614171884@g.us|Sweet and what's the cut for everyone???|2021-03-24 07:33:11+00:00|Incoming|
Goose System|46736673785@s.whatsapp.net|Twilight Grey||Sweet and what's the cut for everyone???|2021-03-24 07:33:11+00:00|Incoming|
Goose System|46736673785@s.whatsapp.net|Maverick|46708275344@s.whatsapp.net|[ ] Bad words list [ ] Bomb [ ] Gun [ ] Drugs [ ] Naked [ ] Sex [ ] Fuck [ ] Shit [ ] Bastard [ ] Cunt [ ]|2021-03-24 07:35:35+00:00|Incoming|
Telegram|777000|Bad Boy|1585569757|Voice Chats 2.0: Channels, Millions of Listeners, Recorded Chats, Admin Tools  Millions of Concurrent Listeners • Start limitless Voice Chats in Groups and Channels. • Host discussions that can be listened to by millions of people simultaneously.  Voice Chat Recordings • Record voice chats to share or publish in Channels later. • See that a chat is being recorded from the red dot next to its title.  Improved List of Participants • See user bio texts right from the list of participants. • Raise your hand to show admins you want to speak.  Tools for Organizers • Create separate Voice Chat Invite Links for listeners or speakers. • Change the title of your Voice Chat to give people an idea of the current topic. • Join Voice Chats as one of your Channels to hide your personal account.  Swipe Action Settings • Choose which action is performed when you swipe left on a chat in your list: Pin, Mark as Read, Archive, Mute or Delete.  More about this update: https://telegram.org/blog/voice-chats-on-steroids|2021-03-24 17:05:44+00:00|Incoming|
Maverick SOB|1605396189|Bad Boy|1585569757|I will be there bring the cash and you get the delivery of powder....|2021-03-24 17:07:51+00:00|Outgoing|
Maverick SOB|1605396189|Bad Boy|1585569757|I will be there bring the cash and you get the delivery of powder....|2021-03-24 17:07:51+00:00|Incoming|
Big Boss|1656380740|Maverick SOB||So is the deal going down tonight?|2021-03-24 17:15:38+00:00|Incoming|
Maverick SOB|1605396189|Big Boss|1656380740|Yes boss. I'm on route to make the deal now.|2021-03-24 17:18:00+00:00|Outgoing|
Maverick|46708275344@s.whatsapp.net|Goose System|46736673785@s.whatsapp.net|If it goes to shit, this is where I am ..|2021-03-24 17:20:01+00:00|Outgoing|
Maverick SOB|1605396189|Big Boss|1656380740|Yes boss. Sorry boss. Of course boss...|2021-03-24 17:31:32+00:00|Outgoing|
Maverick SOB|1605396189|Bad Boy|1585569757|OK I'm here now. Black jacket. Where are you at???|2021-03-24 17:39:35+00:00|Incoming|"{""Path"": ""BadBoy_Samsung_S8/Attachments/File/0/Messages-Chat/Messages-Chat_114/400082500986_448193.jpg"", ""id"": 60}"
Maverick SOB|1605396189|Bad Boy|1585569757|OK I'm here now. Black jacket. Where are you at???|2021-03-24 17:39:35+00:00|Outgoing|"{""Path"": ""Maverick_Samsung_Galaxy_S21/Attachments/File/0/Messages-Chat/Messages-Chat_872/400082500986_448195.jpg"", ""id"": 440}"
46708275344@s.whatsapp.net|46708275344@s.whatsapp.net|Stockholm Stealers|46736673785-1614171884@g.us|Damn! I need a truck this bag to carry all the money we just made !!!!|2021-03-24 17:48:26+00:00|Incoming|"{""Path"": ""Goldfinger_Apple_iPhone_Generic/Attachments/File/0/Messages-Chat/Messages-Chat_732/b6f493e2-0c7f-4726-95d2-60b4f664b711.jpg"", ""id"": 507}"
Maverick|46708275344@s.whatsapp.net|Twilight Grey||Damn! I need a truck this bag to carry all the money we just made !!!!|2021-03-24 17:48:27+00:00|Outgoing|"{""Path"": ""Maverick_Samsung_Galaxy_S21/Attachments/File/0/Messages-Chat/Messages-Chat_1867/0.jpg"", ""id"": 566}"
Maverick SOB|1605396189|Big Boss|1656380740|Yes boss.|2021-03-24 18:17:17+00:00|Outgoing|
Goose System|46736673785@s.whatsapp.net|Maverick|46708275344@s.whatsapp.net|Ah man so sorry. Dead battery on phone but didn't spot it until this morning. my bad.|2021-03-25 07:33:38+00:00|Incoming|
Maverick|46708275344@s.whatsapp.net|Goose System|46736673785@s.whatsapp.net|I am taking 20% off your cut as punishment|2021-03-25 07:38:01+00:00|Outgoing|
Goose System|46736673785@s.whatsapp.net|Twilight Grey||WTF??? It was an honest mistake dude. Come on we are supposed to be a team?|2021-03-25 07:38:55+00:00|Incoming|
Goose System|46736673785@s.whatsapp.net|Stockholm Stealers|46736673785-1614171884@g.us|WTF??? It was an honest mistake dude. Come on we are supposed to be a team?|2021-03-25 07:38:55+00:00|Incoming|
46708275344@s.whatsapp.net|46708275344@s.whatsapp.net|Stockholm Stealers|46736673785-1614171884@g.us|Nope. U were not there for me when the deal went down. I had to ask Gold Finger to cover for me|2021-03-25 07:40:59+00:00|Incoming|
Maverick|46708275344@s.whatsapp.net|Twilight Grey||Nope. U were not there for me when the deal went down. I had to ask Gold Finger to cover for me|2021-03-25 07:40:59+00:00|Outgoing|
Maverick SOB|1605396189|Big Boss|1656380740|Oh shit....|2021-03-25 17:28:33+00:00|Outgoing|
Maverick SOB|1605396189|Big Boss|1656380740|Sorry boss I got delayed on another job. I will leave now. Be there in 30 mins. So sorry 😞|2021-03-25 17:28:59+00:00|Outgoing|
Maverick SOB|1605396189|Big Boss|1656380740|Running 🏃‍♂️ now|2021-03-25 17:31:55+00:00|Outgoing|
Big Boss|1656380740|Maverick SOB||Be there and fast. I won't wait any longer for my money. Don't make me come and take it by force...|2021-03-25 17:41:02+00:00|Incoming|
Maverick SOB|1605396189|Big Boss|1656380740|Running...m|2021-03-25 17:55:39+00:00|Outgoing|
Big Boss|1656380740|Maverick SOB||Get in drop off money bag.|2021-03-25 18:03:10+00:00|Incoming|
Big Boss|1656380740|Maverick SOB||Step out and leave bag in elevator at bottom.|2021-03-25 18:03:34+00:00|Incoming|
Big Boss|1656380740|Maverick SOB||I am down here. I will.pass you on way in to pick up bag.|2021-03-25 18:03:52+00:00|Incoming|
Maverick|46708275344@s.whatsapp.net|Goose System|46736673785@s.whatsapp.net|Mr Big below. Watch him|2021-03-25 18:04:36+00:00|Outgoing|
Maverick|46708275344@s.whatsapp.net|Goose System|46736673785@s.whatsapp.net|I leave bag in elevator|2021-03-25 18:04:44+00:00|Outgoing|
Goose System|46736673785@s.whatsapp.net|Maverick|46708275344@s.whatsapp.net|I am watching|2021-03-25 18:05:48+00:00|Incoming|"{""Path"": ""Maverick_Samsung_Galaxy_S21/Attachments/File/0/Messages-Chat/Messages-Chat_1898/0.jpg"", ""id"": 597}"
Goose System|46736673785@s.whatsapp.net|Maverick|46708275344@s.whatsapp.net|He's watching from bus stop|2021-03-25 18:07:26+00:00|Incoming|
Maverick|46708275344@s.whatsapp.net|Twilight Grey||Time to celebrate gang,. MR BIG is paid off finally 🙌|2021-03-25 18:11:46+00:00|Outgoing|"{""Path"": ""Maverick_Samsung_Galaxy_S21/Attachments/File/0/Messages-Chat/Messages-Chat_1903/0.jpg"", ""id"": 602}"
46708275344@s.whatsapp.net|46708275344@s.whatsapp.net|Stockholm Stealers|46736673785-1614171884@g.us|Time to celebrate gang,. MR BIG is paid off finally 🙌|2021-03-25 18:11:47+00:00|Incoming|"{""Path"": ""Goldfinger_Apple_iPhone_Generic/Attachments/File/0/Messages-Chat/Messages-Chat_739/84622d19-e413-4f9b-989c-cfdcc7686282.jpg"", ""id"": 514}"
Maverick SOB|1605396189|Big Boss|1656380740|Thank you boss. Sorry for all the trouble being late. No disrespect intended. Thanks|2021-03-25 18:15:58+00:00|Outgoing|
Maverick|46708275344@s.whatsapp.net|Twilight Grey||Hey everyone it's party time tonight to celebrate 🍾 our new freedom. Let's get wrecked 🙂|2021-03-25 18:38:27+00:00|Outgoing|
46708275344@s.whatsapp.net|46708275344@s.whatsapp.net|Stockholm Stealers|46736673785-1614171884@g.us|Hey everyone it's party time tonight to celebrate 🍾 our new freedom. Let's get wrecked 🙂|2021-03-25 18:38:28+00:00|Incoming|
Goldfinger|1643401562|Maverick SOB||That ring can bring good thing....|2021-03-26 07:50:05+00:00|Incoming|
Goose System|46736673785@s.whatsapp.net|Stockholm Stealers|46736673785-1614171884@g.us|Ok heading out with Mav on another round of robbing the neighborhood 😊|2021-03-26 17:06:50+00:00|Incoming|
Goose System|46736673785@s.whatsapp.net|Twilight Grey||Ok heading out with Mav on another round of robbing the neighborhood 😊|2021-03-26 17:06:50+00:00|Incoming|
Maverick SOB|1605396189|Twilight G|1645578300|Stop horsing about 😁|2021-03-26 17:37:01+00:00|Outgoing|
Goose System|46736673785@s.whatsapp.net|Twilight Grey||Ok let's hit at the weekend|2021-03-26 17:53:27+00:00|Incoming|
Goose System|46736673785@s.whatsapp.net|Stockholm Stealers|46736673785-1614171884@g.us|Ok let's hit at the weekend|2021-03-26 17:53:27+00:00|Incoming|
Bad Boy|1585569757|Maverick SOB||Make it a week. This stuff is selling so fast I can't keep up. Need new packages asap|2021-03-26 17:58:26+00:00|Incoming|
Bad Boy|1585569757|Maverick SOB||Make it a week. This stuff is selling so fast I can't keep up. Need new packages asap|2021-03-26 17:58:26+00:00|Outgoing|
Maverick SOB|1605396189|Bad Boy|1585569757|Are you watching me ???|2021-03-26 18:05:31+00:00|Outgoing|
Maverick SOB|1605396189|Bad Boy|1585569757|Are you watching me ???|2021-03-26 18:05:31+00:00|Incoming|
Twilight Grey|46762725331@s.whatsapp.net|Stockholm Stealers|46736673785-1614171884@g.us|Oh no run|2021-03-27 06:39:17+00:00|Incoming|
Twilight Grey|46762725331@s.whatsapp.net|Goose System||Oh no run|2021-03-27 06:39:17+00:00|Incoming|
Maverick SOB|1605396189|Goldfinger|1643401562|Deal|2021-03-27 13:35:43+00:00|Outgoing|
Bad Boy|1585569757|Maverick SOB||Yer man. Which bit of that last message didn't you understand? I can sell this shit all day long. I am raking in cash...|2021-03-27 13:43:00+00:00|Outgoing|
Bad Boy|1585569757|Maverick SOB||Yer man. Which bit of that last message didn't you understand? I can sell this shit all day long. I am raking in cash...|2021-03-27 13:43:00+00:00|Incoming|
Maverick SOB|1605396189|Goldfinger|1643401562|When can you get me more white powder?|2021-03-27 13:44:08+00:00|Outgoing|
Goldfinger|1643401562|Maverick SOB||Hmmm, my contact wasn’t here today|2021-03-27 13:50:19+00:00|Incoming|
Bad Boy|1585569757|Maverick SOB||I need more white lines, this big!|2021-03-27 14:05:49+00:00|Outgoing|
Bad Boy|1585569757|Maverick SOB||I need more white lines, this big!|2021-03-27 14:05:49+00:00|Incoming|
Maverick|46708275344@s.whatsapp.net|Twilight Grey||Oh yes.... we hit the jackpot tonight team 🤪|2021-03-27 18:56:22+00:00|Outgoing|
46708275344@s.whatsapp.net|46708275344@s.whatsapp.net|Stockholm Stealers|46736673785-1614171884@g.us|Oh yes.... we hit the jackpot tonight team 🤪|2021-03-27 18:56:22+00:00|Incoming|
46708275344@s.whatsapp.net|46708275344@s.whatsapp.net|Stockholm Stealers|46736673785-1614171884@g.us|They had gold blocks in the house! Unreal....|2021-03-27 18:56:44+00:00|Incoming|
Maverick|46708275344@s.whatsapp.net|Twilight Grey||They had gold blocks in the house! Unreal....|2021-03-27 18:56:44+00:00|Outgoing|
Maverick.4444|maverick.4444_ul7@talk.kik.com|Goose.4444|goose.4444_icw@talk.kik.com|[KakaoTalk]  Let’s chat on KakaoTalk!  Download it now at http://dn.kakao.com and add me.|2021-03-27 21:05:13+00:00|Outgoing|
Gooooosssse|351760022|maverick|351759949|Screw you the money is mine. You were asleep on the job again. I did all the work today|2021-03-27 21:18:00+00:00|Incoming|
Gooooosssse|351760022|maverick|351759949|Thinking to get something for easter|2021-03-28 09:18:06+00:00|Incoming|
Gooooosssse|351760022|maverick|351759949|Well that was shit|2021-03-28 09:46:26+00:00|Incoming|
|u44afa6f6317115c622a22eaa|Maverick|erick ;Line ID: u5ca5f870694cae4db03ceb25f3b61376|What is this shit???|2021-03-28 10:03:16+00:00|Incoming|
Maverick.4444|maverick.4444_ul7@talk.kik.com|Mike.Jonson||Should u be using this channel?|2021-03-28 10:18:13+00:00|Incoming|
Maverick.4444|maverick.4444_ul7@talk.kik.com|Mike.Jonson||Should u be using this channel?|2021-03-28 10:18:13+00:00|Outgoing|
blondtrip24|blondtrip24_cre@talk.kik.com|Mike.Jonson||Do u recognize me? iono how i have your num in my contacts but it recommended I add ya,,,|2021-03-28 10:19:00+00:00|Incoming|
Mike.Jonson|mike.dickinson_bl8@talk.kik.com|blondtrip24|blondtrip24_cre@talk.kik.com|Talk to chat bots who will attempt to compromise me|2021-03-28 10:24:14+00:00|Outgoing|
Maverick|46708275344@s.whatsapp.net|Goose System|46736673785@s.whatsapp.net|https://www.miltonsdiamonds.com/news/2020/08/guide-to-buying-second-hand-jewellery/|2021-03-28 10:37:37+00:00|Outgoing|
Goose|46736673785|Maverick SOB||Nice work. Notice you didn't declare this lot to the whole gang????|2021-03-28 10:40:15+00:00|Incoming|
Goose|46736673785|Maverick SOB||content://com.viber.voip.provider.internal_files/gif/0-01-05-c9ad6953e1ec2b4b73c71a8281c428d9ac438798536f0542cdaff02d77512e51?pg=false&th=content%3A%2F%2Fcom.viber.voip.provider.internal_files%2Fmessage%2Flocal%2Fthumb%2F0-01-05-c9ad6953e1ec2b4b73c71a8281c428d9ac438798536f0542cdaff02d77512e51&ep=AQAAAMk1TBNmP2Ej8dc9siMewCiRZRhxwFa0dD8GEyQ4sowg|2021-03-28 10:40:29+00:00|Incoming|
Mike.Jonson|mike.dickinson_bl8@talk.kik.com|blondtrip24|blondtrip24_cre@talk.kik.com|Sure. I guess it will be something naughty now?|2021-03-28 10:56:31+00:00|Outgoing|
Mike.Jonson|mike.dickinson_bl8@talk.kik.com|blondtrip24|blondtrip24_cre@talk.kik.com|I don't know. This is all a bit new and confusing to me...|2021-03-28 11:07:03+00:00|Outgoing|
Bad Boy|46735158102|Maverick SOB||Ok deal|2021-03-28 11:52:44+00:00|Outgoing|
Bad Boy|46735158102|Maverick SOB||Hey you looking for a safe cracker?|2021-03-28 11:52:44+00:00|Outgoing|
Bad Boy|46735158102|Maverick SOB||Ok deal|2021-03-28 11:52:45+00:00|Incoming|
Bad Boy|46735158102|Maverick SOB||Hey you looking for a safe cracker?|2021-03-28 11:52:45+00:00|Incoming|
Maverick|46708275344@s.whatsapp.net|Twilight Grey||Weather is shitty today. Staying in and watching a movie instead fir a change...|2021-03-28 13:41:37+00:00|Outgoing|"{""Path"": ""Maverick_Samsung_Galaxy_S21/Attachments/File/0/Messages-Chat/Messages-Chat_1970/0.jpg"", ""id"": 669}"
46708275344@s.whatsapp.net|46708275344@s.whatsapp.net|Stockholm Stealers|46736673785-1614171884@g.us|Weather is shitty today. Staying in and watching a movie instead fir a change...|2021-03-28 13:41:38+00:00|Incoming|"{""Path"": ""Goldfinger_Apple_iPhone_Generic/Attachments/File/0/Messages-Chat/Messages-Chat_795/8c3ad4e6-d99f-477b-afe0-87f566fd933e.jpg"", ""id"": 570}"
Twilight Grey|46762725331@s.whatsapp.net|Stockholm Stealers|46736673785-1614171884@g.us|But today is a new day with better weather. I'll go to the café and make some good deals|2021-03-29 06:33:27+00:00|Incoming|
Twilight Grey|46762725331@s.whatsapp.net|Goose System||But today is a new day with better weather. I'll go to the café and make some good deals|2021-03-29 06:33:27+00:00|Incoming|
Twilight Grey|46762725331@s.whatsapp.net|Goose System||Okey|2021-03-29 06:36:09+00:00|Incoming|
Twilight Grey|46762725331@s.whatsapp.net|Stockholm Stealers|46736673785-1614171884@g.us|Okey|2021-03-29 06:36:09+00:00|Incoming|
Goldfinger|46702578150@s.whatsapp.net|Stockholm Stealers|46736673785-1614171884@g.us|Don’t think Seven has made it his turf yet|2021-03-29 15:56:40+00:00|Outgoing|"{""Path"": ""Goldfinger_Apple_iPhone_Generic/Attachments/File/0/Messages-Chat/Messages-Chat_799/12aa5f3b-943e-4e98-9a94-843e2bfe5961.jpg"", ""id"": 574}"
Goldfinger|46702578150@s.whatsapp.net|Twilight Grey||Don’t think Seven has made it his turf yet|2021-03-29 15:56:41+00:00|Incoming|"{""Path"": ""Maverick_Samsung_Galaxy_S21/Attachments/File/0/Messages-Chat/Messages-Chat_1977/0.jpg"", ""id"": 676}"
Maverick SOB|1605396189|Bad Boy|1585569757|A package has arrived....|2021-03-29 16:01:58+00:00|Incoming|
Maverick SOB|1605396189|Bad Boy|1585569757|A package has arrived....|2021-03-29 16:01:58+00:00|Outgoing|
Maverick SOB|1605396189|Bad Boy|1585569757|You still in the market ???|2021-03-29 16:02:10+00:00|Incoming|
Maverick SOB|1605396189|Bad Boy|1585569757|You still in the market ???|2021-03-29 16:02:10+00:00|Outgoing|
Maverick SOB|1605396189|Bad Boy|1585569757|Not as big a quantity available this time. 15,000kr for 100 grams|2021-03-29 16:03:57+00:00|Outgoing|
Maverick SOB|1605396189|Bad Boy|1585569757|Not as big a quantity available this time. 15,000kr for 100 grams|2021-03-29 16:03:57+00:00|Incoming|
Bad Boy|1585569757|Maverick SOB||Yes deal. I get cash in 24hrs . Can we meet tomorrow at location you choose???|2021-03-29 16:04:39+00:00|Incoming|
Bad Boy|1585569757|Maverick SOB||Yes deal. I get cash in 24hrs . Can we meet tomorrow at location you choose???|2021-03-29 16:04:39+00:00|Outgoing|
Maverick SOB|1605396189|Goose|1563131382|Good place to stash the next stolen car... 😏|2021-03-29 16:18:03+00:00|Outgoing|
Goose|1563131382|Maverick SOB||Oh nice. Good spot Mav|2021-03-29 16:23:39+00:00|Incoming|
Maverick|u5ca5f870694cae4db03ceb25f3b61376|u44afa6f6317115c622a22eaac029f7f9|u44afa6f6317115c622a22eaac029f7f9|Just around the corner dude. You come to me....|2021-03-29 16:30:25+00:00|Outgoing|
46708275344@s.whatsapp.net|46708275344@s.whatsapp.net|Stockholm Stealers|46736673785-1614171884@g.us|This whole place is upmarket. So dear...|2021-03-29 16:44:33+00:00|Incoming|"{""Path"": ""Goldfinger_Apple_iPhone_Generic/Attachments/File/0/Messages-Chat/Messages-Chat_804/69878321-3042-4731-a42d-6b9adccea982.jpg"", ""id"": 579}"
Maverick|46708275344@s.whatsapp.net|Twilight Grey||This whole place is upmarket. So dear...|2021-03-29 16:44:34+00:00|Outgoing|"{""Path"": ""Maverick_Samsung_Galaxy_S21/Attachments/File/0/Messages-Chat/Messages-Chat_1983/0.jpg"", ""id"": 682}"
Goldfinger|46702578150@s.whatsapp.net|Stockholm Stealers|46736673785-1614171884@g.us|Good job Twilight|2021-03-29 16:47:57+00:00|Outgoing|
Goldfinger|46702578150@s.whatsapp.net|Twilight Grey||Good job Twilight|2021-03-29 16:47:58+00:00|Incoming|
Goose|46736673785|Maverick SOB||Oh I see. Another animal based pun. Video took a while to download|2021-03-29 17:00:17+00:00|Incoming|
Maverick|46708275344@s.whatsapp.net|Twilight Grey||This place is perfect.  Backs.onto the woods for an easy escape.. nothing overlooked|2021-03-29 17:07:01+00:00|Outgoing|
46708275344@s.whatsapp.net|46708275344@s.whatsapp.net|Stockholm Stealers|46736673785-1614171884@g.us|This place is perfect.  Backs.onto the woods for an easy escape.. nothing overlooked|2021-03-29 17:07:01+00:00|Incoming|
Goose System|46736673785@s.whatsapp.net|Twilight Grey||Ok cool. Last one for the evening. My stash bag is already full 😌|2021-03-29 17:12:04+00:00|Incoming|
Goose System|46736673785@s.whatsapp.net|Stockholm Stealers|46736673785-1614171884@g.us|Ok cool. Last one for the evening. My stash bag is already full 😌|2021-03-29 17:12:04+00:00|Incoming|
Goose System|46736673785@s.whatsapp.net|Maverick|46708275344@s.whatsapp.net|Screw you|2021-03-29 18:23:25+00:00|Incoming|
Maverick SOB|1605396189|Bad Boy|1585569757|Bring the cash 💸|2021-03-30 13:46:48+00:00|Outgoing|
Maverick SOB|1605396189|Bad Boy|1585569757|Bring the cash 💸|2021-03-30 13:46:48+00:00|Incoming|
Goose|1563131382|Maverick SOB||Yes boss. Just let me know details|2021-03-30 13:48:49+00:00|Incoming|
Bad Boy|1585569757|Maverick SOB||Yes obviously.  15,000kr is the deal. I will be there.|2021-03-30 14:03:53+00:00|Outgoing|
Bad Boy|1585569757|Maverick SOB||Yes obviously.  15,000kr is the deal. I will be there.|2021-03-30 14:03:53+00:00|Incoming|
Maverick|46708275344@s.whatsapp.net|Twilight Grey||OK gang. Going to make second drop with Bad Boy for the coke. Have my back I will go there with the package. Goose cover my back dude...|2021-03-30 15:37:30+00:00|Outgoing|
46708275344@s.whatsapp.net|46708275344@s.whatsapp.net|Stockholm Stealers|46736673785-1614171884@g.us|OK gang. Going to make second drop with Bad Boy for the coke. Have my back I will go there with the package. Goose cover my back dude...|2021-03-30 15:37:30+00:00|Incoming|
Goose System|46736673785@s.whatsapp.net|Twilight Grey||Aw shit u r early??|2021-03-30 15:38:11+00:00|Incoming|
Goose System|46736673785@s.whatsapp.net|Stockholm Stealers|46736673785-1614171884@g.us|Aw shit u r early??|2021-03-30 15:38:11+00:00|Incoming|
Maverick SOB|1605396189|Bad Boy|1585569757|OK got some jobs done and on schedule. Be there on time or early|2021-03-30 15:39:34+00:00|Incoming|
Maverick SOB|1605396189|Bad Boy|1585569757|OK got some jobs done and on schedule. Be there on time or early|2021-03-30 15:39:34+00:00|Outgoing|
Maverick SOB|1605396189|Bad Boy|1585569757|As and when. Just bring the 💰|2021-03-30 15:40:23+00:00|Outgoing|
Maverick SOB|1605396189|Bad Boy|1585569757|As and when. Just bring the 💰|2021-03-30 15:40:23+00:00|Incoming|
Goose System|46736673785@s.whatsapp.net|Stockholm Stealers|46736673785-1614171884@g.us|Yes boss ing from a safe distance behind you|2021-03-30 15:48:48+00:00|Incoming|
Goose System|46736673785@s.whatsapp.net|Twilight Grey||Yes boss ing from a safe distance behind you|2021-03-30 15:48:48+00:00|Incoming|
Goose System|46736673785@s.whatsapp.net|Maverick|46708275344@s.whatsapp.net|I am watching now from over the street.....|2021-03-30 16:25:22+00:00|Incoming|
46708275344@s.whatsapp.net|46708275344@s.whatsapp.net|Stockholm Stealers|46736673785-1614171884@g.us|Deal done. No issues|2021-03-30 16:32:31+00:00|Incoming|
Maverick|46708275344@s.whatsapp.net|Twilight Grey||Deal done. No issues|2021-03-30 16:32:32+00:00|Outgoing|
Big Boss|1656380740|Maverick SOB||Want to make some more money? I have a job for you, if you're interested...|2021-03-31 16:05:27+00:00|Incoming|
Maverick SOB|1605396189|Big Boss|1656380740|Yes boss. Always interested in hearing opportunities|2021-03-31 16:21:27+00:00|Outgoing|
Goose System|46736673785@s.whatsapp.net|Maverick|46708275344@s.whatsapp.net|You seeing this shit?  She's snorting the product????|2021-03-31 16:23:58+00:00|Incoming|
Maverick SOB|1605396189|Big Boss|1656380740|Yes boss.|2021-03-31 16:27:48+00:00|Outgoing|
Maverick SOB|46708275344|Goose|46736673785|Got to meet Mr Big Boss 20 mins. You about???|2021-03-31 16:28:08+00:00|Outgoing|
Goose|46736673785|Maverick SOB||Yes Little Boss 😂|2021-03-31 16:28:45+00:00|Incoming|
Maverick|46708275344@s.whatsapp.net|Twilight Grey||We can all have a new car soon with the amount of money we are bringing in these days....|2021-03-31 16:30:36+00:00|Outgoing|
46708275344@s.whatsapp.net|46708275344@s.whatsapp.net|Stockholm Stealers|46736673785-1614171884@g.us|We can all have a new car soon with the amount of money we are bringing in these days....|2021-03-31 16:30:37+00:00|Incoming|
Maverick.4444|maverick.4444_ul7@talk.kik.com|Goose.4444|goose.4444_icw@talk.kik.com|Be there and don't be rude to boss man|2021-03-31 16:32:27+00:00|Outgoing|
Goose|46736673785|Maverick SOB||Imagine how fast we could cut through traffic with this one though???|2021-03-31 16:43:20+00:00|Incoming|
Goose.4444|goose.4444_icw@talk.kik.com|Maverick.4444|maverick.4444_ul7@talk.kik.com|Do you want me to fence some gear?|2021-03-31 16:44:37+00:00|Incoming|
Maverick.4444|maverick.4444_ul7@talk.kik.com|TwilightGrey|twilightgrey_ls0@talk.kik.com|More white.lines|2021-03-31 16:52:29+00:00|Outgoing|
Maverick SOB|1605396189|Big Boss|1656380740|Here boss. Look around corner. 3 mins out|2021-03-31 16:55:09+00:00|Outgoing|
Big Boss|1656380740|Maverick SOB||And remember,  you don't get paid until the hit is done...|2021-03-31 17:03:01+00:00|Incoming|
Maverick|46708275344@s.whatsapp.net|Twilight Grey||Fuck you Goose. This is between me and you. Don't bring the others into it.|2021-03-31 17:14:52+00:00|Outgoing|
46708275344@s.whatsapp.net|46708275344@s.whatsapp.net|Stockholm Stealers|46736673785-1614171884@g.us|Fuck you Goose. This is between me and you. Don't bring the others into it.|2021-03-31 17:14:53+00:00|Incoming|
Big Boss|1656380740|Maverick SOB||48hrs. Then the contract goes elsewhere.|2021-03-31 17:20:13+00:00|Incoming|
Maverick|u5ca5f870694cae4db03ceb25f3b61376|u44afa6f6317115c622a22eaac029f7f9|u44afa6f6317115c622a22eaac029f7f9|We speak tomorrow.  When your head is in a better place.|2021-03-31 17:23:02+00:00|Outgoing|
Maverick SOB|1605396189|Twilight G|1645578300|Another rental for you to consider|2021-03-31 17:28:22+00:00|Outgoing|
Maverick|46708275344@s.whatsapp.net|Goldfinger|46702578150@s.whatsapp.net|Oh god Goldy. Please stop using the product. We can't afford it and I don't know if I can rely on you. Need your head straight while Goose is wobbling....|2021-03-31 17:44:08+00:00|Outgoing|
46708275344@s.whatsapp.net|46708275344@s.whatsapp.net|Goldfinger|46702578150@s.whatsapp.net|Oh god Goldy. Please stop using the product. We can't afford it and I don't know if I can rely on you. Need your head straight while Goose is wobbling....|2021-03-31 17:44:09+00:00|Incoming|
46708275344@s.whatsapp.net|46708275344@s.whatsapp.net|Stockholm Stealers|46736673785-1614171884@g.us|What is this shit???|2021-04-01 06:32:51+00:00|Incoming|
Maverick|46708275344@s.whatsapp.net|Twilight Grey||What is this shit???|2021-04-01 06:32:52+00:00|Outgoing|
46708275344@s.whatsapp.net|46708275344@s.whatsapp.net|Stockholm Stealers|46736673785-1614171884@g.us|Some old fashioned tape playing thing?|2021-04-01 06:33:23+00:00|Incoming|
Maverick|46708275344@s.whatsapp.net|Twilight Grey||Some old fashioned tape playing thing?|2021-04-01 06:33:24+00:00|Outgoing|
Maverick|46708275344@s.whatsapp.net|Goose System|46736673785@s.whatsapp.net|Bro it's been 24hrs. Let's talk|2021-04-01 16:09:04+00:00|Outgoing|
Maverick.4444|maverick.4444_ul7@talk.kik.com|Goose.4444|goose.4444_icw@talk.kik.com|Will you talk to me please??|2021-04-01 16:10:10+00:00|Outgoing|
Maverick|46708275344@s.whatsapp.net|Twilight Grey||Hey all. Goose isn't talking to me, but there's still work to be done. I am going out for a recon. Looking for business as usual...|2021-04-01 16:11:01+00:00|Outgoing|
46708275344@s.whatsapp.net|46708275344@s.whatsapp.net|Stockholm Stealers|46736673785-1614171884@g.us|Hey all. Goose isn't talking to me, but there's still work to be done. I am going out for a recon. Looking for business as usual...|2021-04-01 16:11:01+00:00|Incoming|
Maverick SOB|1605396189|Bad Boy|1585569757|Hey. If you hear from Goose, let me know please.  We had a disagreement.  Want to make sure he doesn't start doing deals behind my back.... I am your supplier OK???|2021-04-01 16:31:52+00:00|Outgoing|
Maverick SOB|1605396189|Bad Boy|1585569757|Hey. If you hear from Goose, let me know please.  We had a disagreement.  Want to make sure he doesn't start doing deals behind my back.... I am your supplier OK???|2021-04-01 16:31:52+00:00|Incoming|
Maverick SOB|1605396189|Bad Boy|1585569757|No man. Didn't notice the date until now. This is straight up serious. We have internal issues. No problem for you, but only talk to me OK???|2021-04-01 16:35:34+00:00|Outgoing|
Maverick SOB|1605396189|Bad Boy|1585569757|No man. Didn't notice the date until now. This is straight up serious. We have internal issues. No problem for you, but only talk to me OK???|2021-04-01 16:35:34+00:00|Incoming|
Bad Boy|1585569757|Maverick SOB||Alright man. Whatever you say boss....|2021-04-01 16:38:57+00:00|Outgoing|
Bad Boy|1585569757|Maverick SOB||Alright man. Whatever you say boss....|2021-04-01 16:38:57+00:00|Incoming|
Maverick SOB|1605396189|Big Boss|1656380740|Sorry boss. Like I said. I will fix this.|2021-04-01 16:53:14+00:00|Outgoing|
Maverick|46708275344@s.whatsapp.net|Mike Jonson||Hey man can you come to Stockholm. I got 2 jobs for you. Soon as you like. I will pay premium rates.|2021-04-01 17:04:02+00:00|Outgoing|
Maverick|46708275344@s.whatsapp.net|Mike Jonson||Got some trouble with a dealer and a former partner.  Need them both taken care of.|2021-04-01 17:05:07+00:00|Outgoing|
46708275344@s.whatsapp.net|46708275344@s.whatsapp.net|Stockholm Stealers|46736673785-1614171884@g.us|Must think he is rock hard...|2021-04-01 17:07:35+00:00|Incoming|"{""Path"": ""Goldfinger_Apple_iPhone_Generic/Attachments/File/0/Messages-Chat/Messages-Chat_861/e57e69bc-4e84-4863-9be0-187f24b8e42e.jpg"", ""id"": 636}"
Maverick|46708275344@s.whatsapp.net|Twilight Grey||Must think he is rock hard...|2021-04-01 17:07:35+00:00|Outgoing|"{""Path"": ""Maverick_Samsung_Galaxy_S21/Attachments/File/0/Messages-Chat/Messages-Chat_2083/0.jpg"", ""id"": 782}"
Maverick|46708275344@s.whatsapp.net|Goose System|46736673785@s.whatsapp.net|Hey buddy. I think she just lost that loving feeling?|2021-04-01 17:11:30+00:00|Outgoing|
Mike Jonson|447776466451@s.whatsapp.net|Maverick|46708275344@s.whatsapp.net|Dude are you crazy? 1. Never discuss that type of business in chat 2. There is a global pandemic on, bit hard to travel at short notice. This is something you need to fix yourself locally. No can do.|2021-04-01 17:35:20+00:00|Incoming|
Maverick|46708275344@s.whatsapp.net|Mike Jonson||British Guy. You got contacts?|2021-04-01 19:50:21+00:00|Outgoing|
Maverick|46708275344@s.whatsapp.net|Twilight Grey|46762725331@s.whatsapp.net|Let's talk 👄|2021-04-02 11:00:29+00:00|Outgoing|
Maverick SOB|1605396189|Goldfinger|1643401562|OMFG Post Nord are so shit....|2021-04-02 13:59:00+00:00|Outgoing|
Maverick SOB|1605396189|Goldfinger|1643401562|Over a month for a package from UK to Sweden. WTF is taking so long????|2021-04-02 13:59:22+00:00|Outgoing|
Maverick SOB|1605396189|Big Boss|1656380740|Boss I have cops outside the house. Help me please. Think Goose has ratted us out.....|2021-04-02 14:18:21+00:00|Outgoing|
